
SVETOFOR V3.0.elf:     file format elf32-avr

Sections:
Idx Name          Size      VMA       LMA       File off  Algn
  0 .data         000000c8  00800100  00002740  000027f4  2**0
                  CONTENTS, ALLOC, LOAD, DATA
  1 .text         00002740  00000000  00000000  000000b4  2**1
                  CONTENTS, ALLOC, LOAD, READONLY, CODE
  2 .bss          00000065  008001c8  008001c8  000028bc  2**0
                  ALLOC
  3 .noinit       00000002  0080022d  0080022d  000028bc  2**0
                  ALLOC
  4 .eeprom       00000017  00810000  00810000  000028bc  2**0
                  CONTENTS, ALLOC, LOAD, DATA
  5 .comment      00000030  00000000  00000000  000028d3  2**0
                  CONTENTS, READONLY
  6 .note.gnu.avr.deviceinfo 00000040  00000000  00000000  00002904  2**2
                  CONTENTS, READONLY
  7 .debug_aranges 00000368  00000000  00000000  00002948  2**3
                  CONTENTS, READONLY, DEBUGGING
  8 .debug_info   00004b3a  00000000  00000000  00002cb0  2**0
                  CONTENTS, READONLY, DEBUGGING
  9 .debug_abbrev 000017bf  00000000  00000000  000077ea  2**0
                  CONTENTS, READONLY, DEBUGGING
 10 .debug_line   00002483  00000000  00000000  00008fa9  2**0
                  CONTENTS, READONLY, DEBUGGING
 11 .debug_frame  00000760  00000000  00000000  0000b42c  2**2
                  CONTENTS, READONLY, DEBUGGING
 12 .debug_str    00001252  00000000  00000000  0000bb8c  2**0
                  CONTENTS, READONLY, DEBUGGING
 13 .debug_loc    000021b8  00000000  00000000  0000cdde  2**0
                  CONTENTS, READONLY, DEBUGGING
 14 .debug_ranges 00000278  00000000  00000000  0000ef96  2**0
                  CONTENTS, READONLY, DEBUGGING

Disassembly of section .text:

00000000 <__vectors>:
       0:	0c 94 72 04 	jmp	0x8e4	; 0x8e4 <__ctors_end>
       4:	0c 94 b0 04 	jmp	0x960	; 0x960 <__vector_1>
       8:	0c 94 98 04 	jmp	0x930	; 0x930 <__bad_interrupt>
       c:	0c 94 98 04 	jmp	0x930	; 0x930 <__bad_interrupt>
      10:	0c 94 98 04 	jmp	0x930	; 0x930 <__bad_interrupt>
      14:	0c 94 98 04 	jmp	0x930	; 0x930 <__bad_interrupt>
      18:	0c 94 98 04 	jmp	0x930	; 0x930 <__bad_interrupt>
      1c:	0c 94 98 04 	jmp	0x930	; 0x930 <__bad_interrupt>
      20:	0c 94 98 04 	jmp	0x930	; 0x930 <__bad_interrupt>
      24:	0c 94 98 04 	jmp	0x930	; 0x930 <__bad_interrupt>
      28:	0c 94 98 04 	jmp	0x930	; 0x930 <__bad_interrupt>
      2c:	0c 94 0b 06 	jmp	0xc16	; 0xc16 <__vector_11>
      30:	0c 94 98 04 	jmp	0x930	; 0x930 <__bad_interrupt>
      34:	0c 94 98 04 	jmp	0x930	; 0x930 <__bad_interrupt>
      38:	0c 94 98 04 	jmp	0x930	; 0x930 <__bad_interrupt>
      3c:	0c 94 98 04 	jmp	0x930	; 0x930 <__bad_interrupt>
      40:	0c 94 98 04 	jmp	0x930	; 0x930 <__bad_interrupt>
      44:	0c 94 98 04 	jmp	0x930	; 0x930 <__bad_interrupt>
      48:	0c 94 0b 0f 	jmp	0x1e16	; 0x1e16 <__vector_18>
      4c:	0c 94 98 04 	jmp	0x930	; 0x930 <__bad_interrupt>
      50:	0c 94 98 04 	jmp	0x930	; 0x930 <__bad_interrupt>
      54:	0c 94 98 04 	jmp	0x930	; 0x930 <__bad_interrupt>
      58:	0c 94 98 04 	jmp	0x930	; 0x930 <__bad_interrupt>
      5c:	0c 94 98 04 	jmp	0x930	; 0x930 <__bad_interrupt>
      60:	0c 94 98 04 	jmp	0x930	; 0x930 <__bad_interrupt>
      64:	0c 94 98 04 	jmp	0x930	; 0x930 <__bad_interrupt>

00000068 <__trampolines_end>:
      68:	01 01       	movw	r0, r2
      6a:	00 00       	nop
      6c:	00 00       	nop
      6e:	00 01       	movw	r0, r0
	...

00000072 <segment_table>:
      72:	00 39 24 30 19 12 02 38 00 10                       .9$0...8..

0000007c <__c.1940>:
      7c:	45 45 50 52 4f 4d 3a 20 49 4e 56 41 4c 49 44 2f     EEPROM: INVALID/
      8c:	45 4d 50 54 59 20 2d 20 44 45 46 41 55 4c 54 20     EMPTY - DEFAULT 
      9c:	53 45 54 54 49 4e 47 53 20 4c 4f 41 44 45 44 0d     SETTINGS LOADED.
      ac:	0a 00                                               ..

000000ae <__c.1938>:
      ae:	45 45 50 52 4f 4d 3a 20 53 45 54 54 49 4e 47 53     EEPROM: SETTINGS
      be:	20 4c 4f 41 44 45 44 0d 0a 00                        LOADED...

000000c8 <__c.2100>:
      c8:	0d 0a 0d 0a 52 54 43 3a 20 4f 4b 0d 0a 45 45 50     ....RTC: OK..EEP
      d8:	52 4f 4d 3a 20 53 45 54 54 49 4e 47 53 20 41 43     ROM: SETTINGS AC
      e8:	54 49 56 45 0d 0a 3d 3d 3d 3d 3d 3d 3d 3d 3d 3d     TIVE..==========
      f8:	3d 3d 3d 3d 3d 3d 3d 3d 3d 3d 3d 3d 3d 3d 3d 3d     ================
     108:	3d 3d 3d 3d 3d 3d 3d 3d 3d 3d 3d 3d 3d 3d 3d 3d     ================
     118:	3d 3d 0d 0a 00                                      ==...

0000011d <__c.2098>:
     11d:	0d 0a 4e 69 67 68 74 20 65 6e 64 3a 20 00           ..Night end: .

0000012b <__c.2096>:
     12b:	20 73 0d 0a 0d 0a 41 55 54 4f 5f 4e 49 47 48 54      s....AUTO_NIGHT
     13b:	3a 0d 0a 4e 69 67 68 74 20 73 74 61 72 74 3a 20     :..Night start: 
	...

0000014c <__c.2094>:
     14c:	20 73 0d 0a 59 65 6c 6c 6f 77 20 4f 46 46 3a 20      s..Yellow OFF: 
	...

0000015d <__c.2092>:
     15d:	0d 0a 0d 0a 4e 49 47 48 54 20 4d 4f 44 45 3a 0d     ....NIGHT MODE:.
     16d:	0a 59 65 6c 6c 6f 77 20 4f 4e 3a 20 00              .Yellow ON: .

0000017a <__c.2090>:
     17a:	0d 0a 43 75 72 72 65 6e 74 20 73 74 61 67 65 3a     ..Current stage:
     18a:	20 00                                                .

0000018c <__c.2088>:
     18c:	20 73 0d 0a 53 74 61 67 65 20 34 3a 20 43 41 52      s..Stage 4: CAR
     19c:	20 59 45 4c 4c 4f 57 20 2f 20 50 45 44 20 52 45      YELLOW / PED RE
     1ac:	44 20 2d 20 00                                      D - .

000001b1 <__c.2086>:
     1b1:	20 73 0d 0a 53 74 61 67 65 20 33 3a 20 43 41 52      s..Stage 3: CAR
     1c1:	20 52 45 44 20 2f 20 50 45 44 20 47 52 45 45 4e      RED / PED GREEN
     1d1:	20 2d 20 00                                          - .

000001d5 <__c.2084>:
     1d5:	20 73 0d 0a 53 74 61 67 65 20 32 3a 20 43 41 52      s..Stage 2: CAR
     1e5:	20 59 45 4c 4c 4f 57 20 2f 20 50 45 44 20 52 45      YELLOW / PED RE
     1f5:	44 20 2d 20 00                                      D - .

000001fa <__c.2082>:
     1fa:	0d 0a 0d 0a 41 55 54 4f 20 4d 4f 44 45 3a 0d 0a     ....AUTO MODE:..
     20a:	53 74 61 67 65 20 31 3a 20 43 41 52 20 47 52 45     Stage 1: CAR GRE
     21a:	45 4e 20 2f 20 50 45 44 20 52 45 44 20 2d 20 00     EN / PED RED - .

0000022a <__c.2080>:
     22a:	0d 0a 3d 3d 3d 3d 3d 3d 3d 3d 3d 3d 3d 3d 3d 3d     ..==============
     23a:	3d 3d 3d 3d 3d 3d 3d 3d 3d 3d 3d 3d 3d 3d 3d 3d     ================
     24a:	3d 3d 3d 3d 3d 3d 3d 3d 3d 3d 3d 3d 3d 3d 0d 0a     ==============..
     25a:	53 54 41 54 55 53 0d 0a 3d 3d 3d 3d 3d 3d 3d 3d     STATUS..========
     26a:	3d 3d 3d 3d 3d 3d 3d 3d 3d 3d 3d 3d 3d 3d 3d 3d     ================
     27a:	3d 3d 3d 3d 3d 3d 3d 3d 3d 3d 3d 3d 3d 3d 3d 3d     ================
     28a:	3d 3d 3d 3d 0d 0a 00                                ====...

00000291 <__c.2065>:
     291:	0d 0a 3d 3d 3d 3d 3d 3d 3d 3d 3d 3d 3d 3d 3d 3d     ..==============
     2a1:	3d 3d 3d 3d 3d 3d 3d 3d 3d 3d 3d 3d 3d 3d 3d 3d     ================
     2b1:	3d 3d 3d 3d 3d 3d 3d 3d 3d 3d 3d 3d 3d 3d 0d 0a     ==============..
     2c1:	41 54 4d 45 47 41 33 32 38 50 20 53 56 45 54 4f     ATMEGA328P SVETO
     2d1:	46 4f 52 20 56 32 2e 31 0d 0a 3d 3d 3d 3d 3d 3d     FOR V2.1..======
     2e1:	3d 3d 3d 3d 3d 3d 3d 3d 3d 3d 3d 3d 3d 3d 3d 3d     ================
     2f1:	3d 3d 3d 3d 3d 3d 3d 3d 3d 3d 3d 3d 3d 3d 3d 3d     ================
     301:	3d 3d 3d 3d 3d 3d 0d 0a 52 45 53 45 54 0d 0a 48     ======..RESET..H
     311:	45 4c 50 0d 0a 52 45 41 44 5f 53 54 41 54 55 53     ELP..READ_STATUS
     321:	0d 0a 53 45 54 5f 54 49 4d 45 20 48 48 3a 4d 4d     ..SET_TIME HH:MM
     331:	3a 53 53 0d 0a 53 45 54 5f 44 41 54 45 20 44 44     :SS..SET_DATE DD
     341:	3a 4d 4d 3a 59 59 0d 0a 4d 4f 44 45 5f 4f 46 46     :MM:YY..MODE_OFF
     351:	0d 0a 4d 4f 44 45 5f 41 55 54 4f 0d 0a 4d 4f 44     ..MODE_AUTO..MOD
     361:	45 5f 4e 49 47 48 54 0d 0a 4d 4f 44 45 5f 41 55     E_NIGHT..MODE_AU
     371:	54 4f 5f 4e 49 47 48 54 0d 0a 53 45 54 5f 4d 4f     TO_NIGHT..SET_MO
     381:	44 45 5f 41 55 54 4f 20 31 5f 58 58 58 20 32 5f     DE_AUTO 1_XXX 2_
     391:	58 58 58 20 33 5f 58 58 58 20 34 5f 58 58 58 0d     XXX 3_XXX 4_XXX.
     3a1:	0a 53 45 54 5f 4d 4f 44 45 5f 4e 49 47 48 54 20     .SET_MODE_NIGHT 
     3b1:	4f 4e 5f 58 58 58 20 4f 46 46 5f 58 58 58 0d 0a     ON_XXX OFF_XXX..
     3c1:	53 45 54 5f 4d 4f 44 45 5f 41 55 54 4f 5f 4e 49     SET_MODE_AUTO_NI
     3d1:	47 48 54 5f 54 49 4d 45 20 4f 4e 20 48 48 3a 4d     GHT_TIME ON HH:M
     3e1:	4d 3a 53 53 20 4f 46 46 20 48 48 3a 4d 4d 3a 53     M:SS OFF HH:MM:S
     3f1:	53 0d 0a 3d 3d 3d 3d 3d 3d 3d 3d 3d 3d 3d 3d 3d     S..=============
     401:	3d 3d 3d 3d 3d 3d 3d 3d 3d 3d 3d 3d 3d 3d 3d 3d     ================
     411:	3d 3d 3d 3d 3d 3d 3d 3d 3d 3d 3d 3d 3d 3d 3d 0d     ===============.
     421:	0a 00                                               ..

00000423 <str_ok_reset>:
     423:	0d 0a 4f 4b 3a 20 4d 43 55 20 52 45 53 45 54 54     ..OK: MCU RESETT
     433:	49 4e 47 2e 2e 2e 0d 0a 00                          ING......

0000043c <str_all_auto_zero>:
     43c:	0d 0a 45 52 52 4f 52 3a 20 41 4c 4c 20 41 55 54     ..ERROR: ALL AUT
     44c:	4f 20 53 54 41 47 45 53 20 41 52 45 20 5a 45 52     O STAGES ARE ZER
     45c:	4f 0d 0a 00                                         O...

00000460 <str_rtc_unavailable>:
     460:	0d 0a 45 52 52 4f 52 3a 20 52 54 43 20 4e 4f 54     ..ERROR: RTC NOT
     470:	20 41 56 41 49 4c 41 42 4c 45 0d 0a 00               AVAILABLE...

0000047d <str_invalid_night_end>:
     47d:	0d 0a 45 52 52 4f 52 3a 20 49 4e 56 41 4c 49 44     ..ERROR: INVALID
     48d:	20 4e 49 47 48 54 20 45 4e 44 0d 0a 00               NIGHT END...

0000049a <str_invalid_night_start>:
     49a:	0d 0a 45 52 52 4f 52 3a 20 49 4e 56 41 4c 49 44     ..ERROR: INVALID
     4aa:	20 4e 49 47 48 54 20 53 54 41 52 54 0d 0a 00         NIGHT START...

000004b9 <str_expected_off_word>:
     4b9:	0d 0a 45 52 52 4f 52 3a 20 45 58 50 45 43 54 45     ..ERROR: EXPECTE
     4c9:	44 20 4f 46 46 0d 0a 00                             D OFF...

000004d1 <str_expected_on_word>:
     4d1:	0d 0a 45 52 52 4f 52 3a 20 45 58 50 45 43 54 45     ..ERROR: EXPECTE
     4e1:	44 20 4f 4e 0d 0a 00                                D ON...

000004e8 <str_invalid_off>:
     4e8:	0d 0a 45 52 52 4f 52 3a 20 49 4e 56 41 4c 49 44     ..ERROR: INVALID
     4f8:	20 4f 46 46 20 54 49 4d 45 0d 0a 00                  OFF TIME...

00000504 <str_invalid_on>:
     504:	0d 0a 45 52 52 4f 52 3a 20 49 4e 56 41 4c 49 44     ..ERROR: INVALID
     514:	20 4f 4e 20 54 49 4d 45 0d 0a 00                     ON TIME...

0000051f <str_expected_off>:
     51f:	0d 0a 45 52 52 4f 52 3a 20 45 58 50 45 43 54 45     ..ERROR: EXPECTE
     52f:	44 20 4f 46 46 5f 58 58 58 0d 0a 00                 D OFF_XXX...

0000053b <str_expected_on>:
     53b:	0d 0a 45 52 52 4f 52 3a 20 45 58 50 45 43 54 45     ..ERROR: EXPECTE
     54b:	44 20 4f 4e 5f 58 58 58 0d 0a 00                    D ON_XXX...

00000556 <str_too_many>:
     556:	0d 0a 45 52 52 4f 52 3a 20 54 4f 4f 20 4d 41 4e     ..ERROR: TOO MAN
     566:	59 20 50 41 52 41 4d 45 54 45 52 53 0d 0a 00        Y PARAMETERS...

00000575 <str_expected_stages>:
     575:	0d 0a 45 52 52 4f 52 3a 20 45 58 50 45 43 54 45     ..ERROR: EXPECTE
     585:	44 20 34 20 53 54 41 47 45 53 0d 0a 00              D 4 STAGES...

00000592 <str_invalid_auto>:
     592:	0d 0a 45 52 52 4f 52 3a 20 49 4e 56 41 4c 49 44     ..ERROR: INVALID
     5a2:	20 41 55 54 4f 20 50 41 52 41 4d 45 54 45 52 0d      AUTO PARAMETER.
     5b2:	0a 00                                               ..

000005b4 <str_invalid_date>:
     5b4:	0d 0a 45 52 52 4f 52 3a 20 49 4e 56 41 4c 49 44     ..ERROR: INVALID
     5c4:	20 44 41 54 45 0d 0a 00                              DATE...

000005cc <str_invalid_time>:
     5cc:	0d 0a 45 52 52 4f 52 3a 20 49 4e 56 41 4c 49 44     ..ERROR: INVALID
     5dc:	20 54 49 4d 45 0d 0a 00                              TIME...

000005e4 <str_unknown>:
     5e4:	0d 0a 45 52 52 4f 52 3a 20 55 4e 4b 4e 4f 57 4e     ..ERROR: UNKNOWN
     5f4:	20 43 4f 4d 4d 41 4e 44 0d 0a 00                     COMMAND...

000005ff <str_mode_auto_night>:
     5ff:	0d 0a 4f 4b 3a 20 4d 4f 44 45 5f 41 55 54 4f 5f     ..OK: MODE_AUTO_
     60f:	4e 49 47 48 54 20 2d 20 53 41 56 45 44 0d 0a 00     NIGHT - SAVED...

0000061f <str_mode_night>:
     61f:	0d 0a 4f 4b 3a 20 4d 4f 44 45 5f 4e 49 47 48 54     ..OK: MODE_NIGHT
     62f:	20 2d 20 53 41 56 45 44 0d 0a 00                     - SAVED...

0000063a <str_mode_auto>:
     63a:	0d 0a 4f 4b 3a 20 4d 4f 44 45 5f 41 55 54 4f 20     ..OK: MODE_AUTO 
     64a:	2d 20 53 41 56 45 44 0d 0a 00                       - SAVED...

00000654 <str_mode_off>:
     654:	0d 0a 4f 4b 3a 20 4d 4f 44 45 5f 4f 46 46 20 2d     ..OK: MODE_OFF -
     664:	20 53 41 56 45 44 0d 0a 00                           SAVED...

0000066d <str_ok_auto_night>:
     66d:	0d 0a 4f 4b 3a 20 41 55 54 4f 20 4e 49 47 48 54     ..OK: AUTO NIGHT
     67d:	20 54 49 4d 45 20 55 50 44 41 54 45 44 20 41 4e      TIME UPDATED AN
     68d:	44 20 53 41 56 45 44 0d 0a 00                       D SAVED...

00000697 <str_ok_night>:
     697:	0d 0a 4f 4b 3a 20 4e 49 47 48 54 20 54 49 4d 45     ..OK: NIGHT TIME
     6a7:	53 20 55 50 44 41 54 45 44 20 41 4e 44 20 53 41     S UPDATED AND SA
     6b7:	56 45 44 0d 0a 00                                   VED...

000006bd <str_ok_auto>:
     6bd:	0d 0a 4f 4b 3a 20 41 55 54 4f 20 54 49 4d 45 53     ..OK: AUTO TIMES
     6cd:	20 55 50 44 41 54 45 44 20 41 4e 44 20 53 41 56      UPDATED AND SAV
     6dd:	45 44 0d 0a 00                                      ED...

000006e2 <str_ok_date>:
     6e2:	0d 0a 4f 4b 3a 20 44 41 54 45 20 53 45 54 0d 0a     ..OK: DATE SET..
	...

000006f3 <str_ok_time>:
     6f3:	0d 0a 4f 4b 3a 20 54 49 4d 45 20 53 45 54 0d 0a     ..OK: TIME SET..
	...

00000704 <str_request_ignored>:
     704:	0d 0a 49 4e 46 4f 3a 20 50 45 44 45 53 54 52 49     ..INFO: PEDESTRI
     714:	41 4e 20 52 45 51 55 45 53 54 20 49 47 4e 4f 52     AN REQUEST IGNOR
     724:	45 44 20 2d 20 53 54 41 47 45 20 54 4f 4f 20 43     ED - STAGE TOO C
     734:	4c 4f 53 45 20 54 4f 20 45 4e 44 0d 0a 00           LOSE TO END...

00000742 <str_ok_request>:
     742:	0d 0a 4f 4b 3a 20 50 45 44 45 53 54 52 49 41 4e     ..OK: PEDESTRIAN
     752:	20 52 45 51 55 45 53 54 0d 0a 00                     REQUEST...

0000075d <str_rtc_ok>:
     75d:	52 54 43 3a 20 4f 4b 0d 0a 00                       RTC: OK...

00000767 <str_rtc_disabled>:
     767:	0d 0a 54 52 41 46 46 49 43 20 4c 49 47 48 54 53     ..TRAFFIC LIGHTS
     777:	20 44 49 53 41 42 4c 45 44 0d 0a 00                  DISABLED...

00000783 <str_rtc_error>:
     783:	0d 0a 45 52 52 4f 52 3a 20 52 54 43 20 4e 4f 54     ..ERROR: RTC NOT
     793:	20 52 45 53 50 4f 4e 44 49 4e 47 0d 0a 00            RESPONDING...

000007a1 <str_startup>:
     7a1:	0d 0a 3d 3d 3d 3d 3d 3d 3d 3d 3d 3d 3d 3d 3d 3d     ..==============
     7b1:	3d 3d 3d 3d 3d 3d 3d 3d 3d 3d 3d 3d 3d 3d 3d 3d     ================
     7c1:	3d 3d 3d 3d 3d 3d 3d 3d 3d 3d 3d 3d 3d 3d 0d 0a     ==============..
     7d1:	20 41 54 4d 45 47 41 33 32 38 50 20 53 56 45 54      ATMEGA328P SVET
     7e1:	4f 46 4f 52 20 76 32 2e 31 0d 0a 3d 3d 3d 3d 3d     OFOR v2.1..=====
     7f1:	3d 3d 3d 3d 3d 3d 3d 3d 3d 3d 3d 3d 3d 3d 3d 3d     ================
     801:	3d 3d 3d 3d 3d 3d 3d 3d 3d 3d 3d 3d 3d 3d 3d 3d     ================
     811:	3d 3d 3d 3d 3d 3d 3d 0d 0a 43 50 55 3a 20 31 36     =======..CPU: 16
     821:	20 4d 48 7a 20 65 78 74 65 72 6e 61 6c 20 63 72      MHz external cr
     831:	79 73 74 61 6c 0d 0a 55 41 52 54 3a 20 39 36 30     ystal..UART: 960
     841:	30 20 62 61 75 64 0d 0a 52 54 43 3a 20 44 53 33     0 baud..RTC: DS3
     851:	32 33 31 0d 0a 45 45 50 52 4f 4d 3a 20 49 4e 54     231..EEPROM: INT
     861:	45 52 4e 41 4c 20 41 54 4d 45 47 41 33 32 38 50     ERNAL ATMEGA328P
     871:	0d 0a 3d 3d 3d 3d 3d 3d 3d 3d 3d 3d 3d 3d 3d 3d     ..==============
     881:	3d 3d 3d 3d 3d 3d 3d 3d 3d 3d 3d 3d 3d 3d 3d 3d     ================
     891:	3d 3d 3d 3d 3d 3d 3d 3d 3d 3d 3d 3d 3d 3d 0d 0a     ==============..
     8a1:	54 79 70 65 20 48 45 4c 50 20 66 6f 72 20 63 6f     Type HELP for co
     8b1:	6d 6d 61 6e 64 73 2e 0d 0a 00                       mmands....

000008bb <str_reset_software>:
     8bb:	52 45 53 45 54 20 43 41 55 53 45 3a 20 53 4f 46     RESET CAUSE: SOF
     8cb:	54 57 41 52 45 20 52 45 53 45 54 0d 0a 00           TWARE RESET...

000008d9 <str_reset_power>:
     8d9:	50 4f 57 45 52 2d 4f 4e 0d 0a 00                    POWER-ON...

000008e4 <__ctors_end>:
     8e4:	11 24       	eor	r1, r1
     8e6:	1f be       	out	0x3f, r1	; 63
     8e8:	cf ef       	ldi	r28, 0xFF	; 255
     8ea:	d8 e0       	ldi	r29, 0x08	; 8
     8ec:	de bf       	out	0x3e, r29	; 62
     8ee:	cd bf       	out	0x3d, r28	; 61

000008f0 <Reset_Early_Init>:
volatile uint8_t software_reset_flag __attribute__((section(".noinit")));

void Reset_Early_Init(void) __attribute__((naked, used, section(".init3")));
void Reset_Early_Init(void)
{
	reset_cause = MCUSR;
     8f0:	84 b7       	in	r24, 0x34	; 52
     8f2:	80 93 2e 02 	sts	0x022E, r24	; 0x80022e <reset_cause>
	MCUSR = 0;
     8f6:	14 be       	out	0x34, r1	; 52

	WDTCSR = (1 << WDCE) | (1 << WDE);
     8f8:	e0 e6       	ldi	r30, 0x60	; 96
     8fa:	f0 e0       	ldi	r31, 0x00	; 0
     8fc:	88 e1       	ldi	r24, 0x18	; 24
     8fe:	80 83       	st	Z, r24
	WDTCSR = 0;
     900:	10 82       	st	Z, r1

00000902 <__do_copy_data>:
     902:	11 e0       	ldi	r17, 0x01	; 1
     904:	a0 e0       	ldi	r26, 0x00	; 0
     906:	b1 e0       	ldi	r27, 0x01	; 1
     908:	e0 e4       	ldi	r30, 0x40	; 64
     90a:	f7 e2       	ldi	r31, 0x27	; 39
     90c:	02 c0       	rjmp	.+4      	; 0x912 <__do_copy_data+0x10>
     90e:	05 90       	lpm	r0, Z+
     910:	0d 92       	st	X+, r0
     912:	a8 3c       	cpi	r26, 0xC8	; 200
     914:	b1 07       	cpc	r27, r17
     916:	d9 f7       	brne	.-10     	; 0x90e <__do_copy_data+0xc>

00000918 <__do_clear_bss>:
     918:	22 e0       	ldi	r18, 0x02	; 2
     91a:	a8 ec       	ldi	r26, 0xC8	; 200
     91c:	b1 e0       	ldi	r27, 0x01	; 1
     91e:	01 c0       	rjmp	.+2      	; 0x922 <.do_clear_bss_start>

00000920 <.do_clear_bss_loop>:
     920:	1d 92       	st	X+, r1

00000922 <.do_clear_bss_start>:
     922:	ad 32       	cpi	r26, 0x2D	; 45
     924:	b2 07       	cpc	r27, r18
     926:	e1 f7       	brne	.-8      	; 0x920 <.do_clear_bss_loop>
     928:	0e 94 88 07 	call	0xf10	; 0xf10 <main>
     92c:	0c 94 9e 13 	jmp	0x273c	; 0x273c <_exit>

00000930 <__bad_interrupt>:
     930:	0c 94 00 00 	jmp	0	; 0x0 <__vectors>

00000934 <Button_Init>:
volatile uint8_t button_event = 0;
static volatile uint8_t button_debounce_counter = 0;

void Button_Init(void)
{
	DDRD &= (uint8_t)~(1 << BUTTON);
     934:	52 98       	cbi	0x0a, 2	; 10
	PORTD |= (1 << BUTTON);
     936:	5a 9a       	sbi	0x0b, 2	; 11

	EICRA |= (1 << ISC01);
     938:	e9 e6       	ldi	r30, 0x69	; 105
     93a:	f0 e0       	ldi	r31, 0x00	; 0
     93c:	80 81       	ld	r24, Z
     93e:	82 60       	ori	r24, 0x02	; 2
     940:	80 83       	st	Z, r24
	EICRA &= (uint8_t)~(1 << ISC00);
     942:	80 81       	ld	r24, Z
     944:	8e 7f       	andi	r24, 0xFE	; 254
     946:	80 83       	st	Z, r24
	EIMSK |= (1 << INT0);
     948:	e8 9a       	sbi	0x1d, 0	; 29
     94a:	08 95       	ret

0000094c <Button_TimerTick>:
}

void Button_TimerTick(void)
{
	if (button_debounce_counter > 0)
     94c:	80 91 c8 01 	lds	r24, 0x01C8	; 0x8001c8 <__data_end>
     950:	88 23       	and	r24, r24
     952:	29 f0       	breq	.+10     	; 0x95e <Button_TimerTick+0x12>
	button_debounce_counter--;
     954:	80 91 c8 01 	lds	r24, 0x01C8	; 0x8001c8 <__data_end>
     958:	81 50       	subi	r24, 0x01	; 1
     95a:	80 93 c8 01 	sts	0x01C8, r24	; 0x8001c8 <__data_end>
     95e:	08 95       	ret

00000960 <__vector_1>:
}

ISR(INT0_vect)
{
     960:	1f 92       	push	r1
     962:	0f 92       	push	r0
     964:	0f b6       	in	r0, 0x3f	; 63
     966:	0f 92       	push	r0
     968:	11 24       	eor	r1, r1
     96a:	8f 93       	push	r24
	if (button_debounce_counter != 0)
     96c:	80 91 c8 01 	lds	r24, 0x01C8	; 0x8001c8 <__data_end>
     970:	81 11       	cpse	r24, r1
     972:	06 c0       	rjmp	.+12     	; 0x980 <__vector_1+0x20>
	return;

	button_debounce_counter = BUTTON_DEBOUNCE_TICKS;
     974:	8e e1       	ldi	r24, 0x1E	; 30
     976:	80 93 c8 01 	sts	0x01C8, r24	; 0x8001c8 <__data_end>
	button_event = 1;
     97a:	81 e0       	ldi	r24, 0x01	; 1
     97c:	80 93 c9 01 	sts	0x01C9, r24	; 0x8001c9 <button_event>
}
     980:	8f 91       	pop	r24
     982:	0f 90       	pop	r0
     984:	0f be       	out	0x3f, r0	; 63
     986:	0f 90       	pop	r0
     988:	1f 90       	pop	r1
     98a:	18 95       	reti

0000098c <Process_Button_Event>:

void Process_Button_Event(void)
{
     98c:	8f 92       	push	r8
     98e:	9f 92       	push	r9
     990:	af 92       	push	r10
     992:	bf 92       	push	r11
     994:	cf 92       	push	r12
     996:	df 92       	push	r13
     998:	ef 92       	push	r14
     99a:	ff 92       	push	r15
     99c:	0f 93       	push	r16
     99e:	1f 93       	push	r17
	uint8_t event;
	uint32_t now;
	uint32_t elapsed;
	uint32_t remaining;

	uint8_t sreg = SREG;
     9a0:	9f b7       	in	r25, 0x3f	; 63
	cli();
     9a2:	f8 94       	cli
	event = button_event;
     9a4:	80 91 c9 01 	lds	r24, 0x01C9	; 0x8001c9 <button_event>
	button_event = 0;
     9a8:	10 92 c9 01 	sts	0x01C9, r1	; 0x8001c9 <button_event>
	SREG = sreg;
     9ac:	9f bf       	out	0x3f, r25	; 63

	if (!event)
     9ae:	88 23       	and	r24, r24
     9b0:	09 f4       	brne	.+2      	; 0x9b4 <Process_Button_Event+0x28>
     9b2:	5c c0       	rjmp	.+184    	; 0xa6c <Process_Button_Event+0xe0>
	return;

	if (current_mode != MODE_AUTO &&
     9b4:	80 91 d2 01 	lds	r24, 0x01D2	; 0x8001d2 <current_mode>
     9b8:	8d 7f       	andi	r24, 0xFD	; 253
     9ba:	81 30       	cpi	r24, 0x01	; 1
     9bc:	09 f0       	breq	.+2      	; 0x9c0 <Process_Button_Event+0x34>
     9be:	56 c0       	rjmp	.+172    	; 0xa6c <Process_Button_Event+0xe0>
	current_mode != MODE_AUTO_NIGHT)
	return;

	if (current_stage != STAGE_1)
     9c0:	80 91 de 01 	lds	r24, 0x01DE	; 0x8001de <current_stage>
     9c4:	81 11       	cpse	r24, r1
     9c6:	52 c0       	rjmp	.+164    	; 0xa6c <Process_Button_Event+0xe0>
	return;

	if (auto_stage_time[STAGE_1] == 0)
     9c8:	80 91 06 01 	lds	r24, 0x0106	; 0x800106 <auto_stage_time>
     9cc:	90 91 07 01 	lds	r25, 0x0107	; 0x800107 <auto_stage_time+0x1>
     9d0:	89 2b       	or	r24, r25
     9d2:	09 f4       	brne	.+2      	; 0x9d6 <Process_Button_Event+0x4a>
     9d4:	4b c0       	rjmp	.+150    	; 0xa6c <Process_Button_Event+0xe0>
	return;

	if (pedestrian_request)
     9d6:	80 91 dd 01 	lds	r24, 0x01DD	; 0x8001dd <pedestrian_request>
     9da:	81 11       	cpse	r24, r1
     9dc:	47 c0       	rjmp	.+142    	; 0xa6c <Process_Button_Event+0xe0>
	return;

	now = RTC_GetSecondsFromMidnight(&rtc);
     9de:	87 ee       	ldi	r24, 0xE7	; 231
     9e0:	91 e0       	ldi	r25, 0x01	; 1
     9e2:	0e 94 63 08 	call	0x10c6	; 0x10c6 <RTC_GetSecondsFromMidnight>
     9e6:	6b 01       	movw	r12, r22
     9e8:	7c 01       	movw	r14, r24
	elapsed = Seconds_Difference(now, stage_start_time);
     9ea:	20 91 d5 01 	lds	r18, 0x01D5	; 0x8001d5 <stage_start_time>
     9ee:	30 91 d6 01 	lds	r19, 0x01D6	; 0x8001d6 <stage_start_time+0x1>
     9f2:	40 91 d7 01 	lds	r20, 0x01D7	; 0x8001d7 <stage_start_time+0x2>
     9f6:	50 91 d8 01 	lds	r21, 0x01D8	; 0x8001d8 <stage_start_time+0x3>
     9fa:	0e 94 88 08 	call	0x1110	; 0x1110 <Seconds_Difference>

	if (elapsed >= auto_stage_time[STAGE_1])
     9fe:	e0 91 06 01 	lds	r30, 0x0106	; 0x800106 <auto_stage_time>
     a02:	f0 91 07 01 	lds	r31, 0x0107	; 0x800107 <auto_stage_time+0x1>
     a06:	8f 01       	movw	r16, r30
     a08:	20 e0       	ldi	r18, 0x00	; 0
     a0a:	30 e0       	ldi	r19, 0x00	; 0
     a0c:	60 17       	cp	r22, r16
     a0e:	71 07       	cpc	r23, r17
     a10:	82 07       	cpc	r24, r18
     a12:	93 07       	cpc	r25, r19
     a14:	58 f5       	brcc	.+86     	; 0xa6c <Process_Button_Event+0xe0>
	return;

	remaining = (uint32_t)auto_stage_time[STAGE_1] - elapsed;
     a16:	48 01       	movw	r8, r16
     a18:	59 01       	movw	r10, r18
     a1a:	86 1a       	sub	r8, r22
     a1c:	97 0a       	sbc	r9, r23
     a1e:	a8 0a       	sbc	r10, r24
     a20:	b9 0a       	sbc	r11, r25
     a22:	b5 01       	movw	r22, r10
     a24:	a4 01       	movw	r20, r8

	if ((remaining < ((uint32_t)auto_stage_time[STAGE_1] / 2UL)) && (remaining > PEDESTRIAN_DELAY_SEC))
     a26:	cf 01       	movw	r24, r30
     a28:	96 95       	lsr	r25
     a2a:	87 95       	ror	r24
     a2c:	a0 e0       	ldi	r26, 0x00	; 0
     a2e:	b0 e0       	ldi	r27, 0x00	; 0
     a30:	88 16       	cp	r8, r24
     a32:	99 06       	cpc	r9, r25
     a34:	aa 06       	cpc	r10, r26
     a36:	bb 06       	cpc	r11, r27
     a38:	a8 f4       	brcc	.+42     	; 0xa64 <Process_Button_Event+0xd8>
     a3a:	46 30       	cpi	r20, 0x06	; 6
     a3c:	51 05       	cpc	r21, r1
     a3e:	61 05       	cpc	r22, r1
     a40:	71 05       	cpc	r23, r1
     a42:	80 f0       	brcs	.+32     	; 0xa64 <Process_Button_Event+0xd8>
	{
		pedestrian_request = 1;
     a44:	81 e0       	ldi	r24, 0x01	; 1
     a46:	80 93 dd 01 	sts	0x01DD, r24	; 0x8001dd <pedestrian_request>
		pedestrian_request_time = now;
     a4a:	c0 92 d9 01 	sts	0x01D9, r12	; 0x8001d9 <pedestrian_request_time>
     a4e:	d0 92 da 01 	sts	0x01DA, r13	; 0x8001da <pedestrian_request_time+0x1>
     a52:	e0 92 db 01 	sts	0x01DB, r14	; 0x8001db <pedestrian_request_time+0x2>
     a56:	f0 92 dc 01 	sts	0x01DC, r15	; 0x8001dc <pedestrian_request_time+0x3>
		UART_SendString_P(str_ok_request);
     a5a:	82 e4       	ldi	r24, 0x42	; 66
     a5c:	97 e0       	ldi	r25, 0x07	; 7
     a5e:	0e 94 84 0e 	call	0x1d08	; 0x1d08 <UART_SendString_P>
     a62:	04 c0       	rjmp	.+8      	; 0xa6c <Process_Button_Event+0xe0>
	}
	else
	{
		UART_SendString_P(str_request_ignored);
     a64:	84 e0       	ldi	r24, 0x04	; 4
     a66:	97 e0       	ldi	r25, 0x07	; 7
     a68:	0e 94 84 0e 	call	0x1d08	; 0x1d08 <UART_SendString_P>
	}
}
     a6c:	1f 91       	pop	r17
     a6e:	0f 91       	pop	r16
     a70:	ff 90       	pop	r15
     a72:	ef 90       	pop	r14
     a74:	df 90       	pop	r13
     a76:	cf 90       	pop	r12
     a78:	bf 90       	pop	r11
     a7a:	af 90       	pop	r10
     a7c:	9f 90       	pop	r9
     a7e:	8f 90       	pop	r8
     a80:	08 95       	ret

00000a82 <Display_SetSegments>:
static void Display_SetSegments(uint8_t digit)
{
	uint8_t pattern;
	uint8_t g_pattern;

	if (digit > 9)
     a82:	8a 30       	cpi	r24, 0x0A	; 10
     a84:	08 f0       	brcs	.+2      	; 0xa88 <Display_SetSegments+0x6>
	digit = 0;
     a86:	80 e0       	ldi	r24, 0x00	; 0

	pattern = pgm_read_byte(&segment_table[digit]);
     a88:	90 e0       	ldi	r25, 0x00	; 0
     a8a:	fc 01       	movw	r30, r24
     a8c:	ee 58       	subi	r30, 0x8E	; 142
     a8e:	ff 4f       	sbci	r31, 0xFF	; 255
     a90:	24 91       	lpm	r18, Z
	g_pattern = pgm_read_byte(&segment_g_table[digit]);
     a92:	fc 01       	movw	r30, r24
     a94:	e8 59       	subi	r30, 0x98	; 152
     a96:	ff 4f       	sbci	r31, 0xFF	; 255
     a98:	84 91       	lpm	r24, Z

	PORTB = (PORTB & 0xC0) | pattern;
     a9a:	e5 b1       	in	r30, 0x05	; 5
     a9c:	e0 7c       	andi	r30, 0xC0	; 192
     a9e:	e2 2b       	or	r30, r18
     aa0:	e5 b9       	out	0x05, r30	; 5

	if (g_pattern)
     aa2:	88 23       	and	r24, r24
     aa4:	11 f0       	breq	.+4      	; 0xaaa <Display_SetSegments+0x28>
	PORTC |= (1 << SEGMENT_G);
     aa6:	43 9a       	sbi	0x08, 3	; 8
     aa8:	08 95       	ret
	else
	PORTC &= (uint8_t)~(1 << SEGMENT_G);
     aaa:	43 98       	cbi	0x08, 3	; 8
     aac:	08 95       	ret

00000aae <Display_DisableAll>:
	1, 1, 0, 0, 0, 0, 0, 1, 0, 0
};

void Display_DisableAll(void)
{
	PORTC &= (uint8_t)~(
     aae:	88 b1       	in	r24, 0x08	; 8
     ab0:	88 7f       	andi	r24, 0xF8	; 248
     ab2:	88 b9       	out	0x08, r24	; 8
     ab4:	08 95       	ret

00000ab6 <Display_ClearSegments>:
	);
}

void Display_ClearSegments(void)
{
	PORTB &= (uint8_t)~(
     ab6:	85 b1       	in	r24, 0x05	; 5
     ab8:	80 7c       	andi	r24, 0xC0	; 192
     aba:	85 b9       	out	0x05, r24	; 5
	(1 << PB0) | (1 << PB1) | (1 << PB2) |
	(1 << PB3) | (1 << PB4) | (1 << PB5)
	);

	PORTC &= (uint8_t)~(1 << SEGMENT_G);
     abc:	43 98       	cbi	0x08, 3	; 8
     abe:	08 95       	ret

00000ac0 <Display_Off>:
}

void Display_Off(void)
{
     ac0:	cf 93       	push	r28
	uint8_t sreg = SREG;
     ac2:	cf b7       	in	r28, 0x3f	; 63
	cli();
     ac4:	f8 94       	cli

	display_enabled = 0;
     ac6:	10 92 ca 01 	sts	0x01CA, r1	; 0x8001ca <display_enabled>
	display_value = 0;
     aca:	10 92 cd 01 	sts	0x01CD, r1	; 0x8001cd <display_value+0x1>
     ace:	10 92 cc 01 	sts	0x01CC, r1	; 0x8001cc <display_value>

	Display_DisableAll();
     ad2:	0e 94 57 05 	call	0xaae	; 0xaae <Display_DisableAll>
	Display_ClearSegments();
     ad6:	0e 94 5b 05 	call	0xab6	; 0xab6 <Display_ClearSegments>

	SREG = sreg;
     ada:	cf bf       	out	0x3f, r28	; 63
}
     adc:	cf 91       	pop	r28
     ade:	08 95       	ret

00000ae0 <Display_SetNumber>:
	PORTC &= (uint8_t)~(1 << SEGMENT_G);
}

void Display_SetNumber(uint16_t number)
{
	uint8_t sreg = SREG;
     ae0:	2f b7       	in	r18, 0x3f	; 63
     ae2:	88 3e       	cpi	r24, 0xE8	; 232
     ae4:	33 e0       	ldi	r19, 0x03	; 3
     ae6:	93 07       	cpc	r25, r19
     ae8:	10 f0       	brcs	.+4      	; 0xaee <Display_SetNumber+0xe>
     aea:	87 ee       	ldi	r24, 0xE7	; 231
     aec:	93 e0       	ldi	r25, 0x03	; 3

	if (number > 999)
	number = 999;

	cli();
     aee:	f8 94       	cli
	display_value = number;
     af0:	90 93 cd 01 	sts	0x01CD, r25	; 0x8001cd <display_value+0x1>
     af4:	80 93 cc 01 	sts	0x01CC, r24	; 0x8001cc <display_value>
	display_enabled = 1;
     af8:	81 e0       	ldi	r24, 0x01	; 1
     afa:	80 93 ca 01 	sts	0x01CA, r24	; 0x8001ca <display_enabled>
	SREG = sreg;
     afe:	2f bf       	out	0x3f, r18	; 63
     b00:	08 95       	ret

00000b02 <Display_Refresh>:
	uint16_t number;
	uint8_t units;
	uint8_t tens;
	uint8_t hundreds;

	Display_DisableAll();
     b02:	0e 94 57 05 	call	0xaae	; 0xaae <Display_DisableAll>

	if (!display_enabled)
     b06:	80 91 ca 01 	lds	r24, 0x01CA	; 0x8001ca <display_enabled>
     b0a:	81 11       	cpse	r24, r1
     b0c:	05 c0       	rjmp	.+10     	; 0xb18 <Display_Refresh+0x16>
	{
		Display_ClearSegments();
     b0e:	0e 94 5b 05 	call	0xab6	; 0xab6 <Display_ClearSegments>
		display_digit = 0;
     b12:	10 92 cb 01 	sts	0x01CB, r1	; 0x8001cb <display_digit>
		return;
     b16:	08 95       	ret
	}

	number = display_value;
     b18:	40 91 cc 01 	lds	r20, 0x01CC	; 0x8001cc <display_value>
     b1c:	50 91 cd 01 	lds	r21, 0x01CD	; 0x8001cd <display_value+0x1>

	units = number % 10;
	tens = (number / 10) % 10;
	hundreds = number / 100;

	if (display_digit == 0)
     b20:	80 91 cb 01 	lds	r24, 0x01CB	; 0x8001cb <display_digit>
     b24:	81 11       	cpse	r24, r1
     b26:	1d c0       	rjmp	.+58     	; 0xb62 <Display_Refresh+0x60>
	{
		Display_SetSegments(units);
     b28:	9a 01       	movw	r18, r20
     b2a:	ad ec       	ldi	r26, 0xCD	; 205
     b2c:	bc ec       	ldi	r27, 0xCC	; 204
     b2e:	0e 94 5d 13 	call	0x26ba	; 0x26ba <__umulhisi3>
     b32:	96 95       	lsr	r25
     b34:	87 95       	ror	r24
     b36:	96 95       	lsr	r25
     b38:	87 95       	ror	r24
     b3a:	96 95       	lsr	r25
     b3c:	87 95       	ror	r24
     b3e:	9c 01       	movw	r18, r24
     b40:	22 0f       	add	r18, r18
     b42:	33 1f       	adc	r19, r19
     b44:	88 0f       	add	r24, r24
     b46:	99 1f       	adc	r25, r25
     b48:	88 0f       	add	r24, r24
     b4a:	99 1f       	adc	r25, r25
     b4c:	88 0f       	add	r24, r24
     b4e:	99 1f       	adc	r25, r25
     b50:	82 0f       	add	r24, r18
     b52:	93 1f       	adc	r25, r19
     b54:	24 2f       	mov	r18, r20
     b56:	28 1b       	sub	r18, r24
     b58:	82 2f       	mov	r24, r18
     b5a:	0e 94 41 05 	call	0xa82	; 0xa82 <Display_SetSegments>
		PORTC |= (1 << DIGIT_UNITS);
     b5e:	40 9a       	sbi	0x08, 0	; 8
     b60:	3f c0       	rjmp	.+126    	; 0xbe0 <Display_Refresh+0xde>
	}
	else if (display_digit == 1)
     b62:	80 91 cb 01 	lds	r24, 0x01CB	; 0x8001cb <display_digit>
     b66:	81 30       	cpi	r24, 0x01	; 1
     b68:	51 f5       	brne	.+84     	; 0xbbe <Display_Refresh+0xbc>
	{
		if (number >= 10)
     b6a:	4a 30       	cpi	r20, 0x0A	; 10
     b6c:	51 05       	cpc	r21, r1
     b6e:	c0 f1       	brcs	.+112    	; 0xbe0 <Display_Refresh+0xde>
		{
			Display_SetSegments(tens);
     b70:	9a 01       	movw	r18, r20
     b72:	ad ec       	ldi	r26, 0xCD	; 205
     b74:	bc ec       	ldi	r27, 0xCC	; 204
     b76:	0e 94 5d 13 	call	0x26ba	; 0x26ba <__umulhisi3>
     b7a:	ac 01       	movw	r20, r24
     b7c:	56 95       	lsr	r21
     b7e:	47 95       	ror	r20
     b80:	56 95       	lsr	r21
     b82:	47 95       	ror	r20
     b84:	56 95       	lsr	r21
     b86:	47 95       	ror	r20
     b88:	9a 01       	movw	r18, r20
     b8a:	0e 94 5d 13 	call	0x26ba	; 0x26ba <__umulhisi3>
     b8e:	96 95       	lsr	r25
     b90:	87 95       	ror	r24
     b92:	96 95       	lsr	r25
     b94:	87 95       	ror	r24
     b96:	96 95       	lsr	r25
     b98:	87 95       	ror	r24
     b9a:	9c 01       	movw	r18, r24
     b9c:	22 0f       	add	r18, r18
     b9e:	33 1f       	adc	r19, r19
     ba0:	88 0f       	add	r24, r24
     ba2:	99 1f       	adc	r25, r25
     ba4:	88 0f       	add	r24, r24
     ba6:	99 1f       	adc	r25, r25
     ba8:	88 0f       	add	r24, r24
     baa:	99 1f       	adc	r25, r25
     bac:	82 0f       	add	r24, r18
     bae:	93 1f       	adc	r25, r19
     bb0:	24 2f       	mov	r18, r20
     bb2:	28 1b       	sub	r18, r24
     bb4:	82 2f       	mov	r24, r18
     bb6:	0e 94 41 05 	call	0xa82	; 0xa82 <Display_SetSegments>
			PORTC |= (1 << DIGIT_TENS);
     bba:	41 9a       	sbi	0x08, 1	; 8
     bbc:	11 c0       	rjmp	.+34     	; 0xbe0 <Display_Refresh+0xde>
		}
	}
	else
	{
		if (number >= 100)
     bbe:	44 36       	cpi	r20, 0x64	; 100
     bc0:	51 05       	cpc	r21, r1
     bc2:	70 f0       	brcs	.+28     	; 0xbe0 <Display_Refresh+0xde>
		{
			Display_SetSegments(hundreds);
     bc4:	9a 01       	movw	r18, r20
     bc6:	36 95       	lsr	r19
     bc8:	27 95       	ror	r18
     bca:	36 95       	lsr	r19
     bcc:	27 95       	ror	r18
     bce:	ab e7       	ldi	r26, 0x7B	; 123
     bd0:	b4 e1       	ldi	r27, 0x14	; 20
     bd2:	0e 94 5d 13 	call	0x26ba	; 0x26ba <__umulhisi3>
     bd6:	96 95       	lsr	r25
     bd8:	87 95       	ror	r24
     bda:	0e 94 41 05 	call	0xa82	; 0xa82 <Display_SetSegments>
			PORTC |= (1 << DIGIT_HUNDREDS);
     bde:	42 9a       	sbi	0x08, 2	; 8
		}
	}

	display_digit++;
     be0:	80 91 cb 01 	lds	r24, 0x01CB	; 0x8001cb <display_digit>
     be4:	8f 5f       	subi	r24, 0xFF	; 255
     be6:	80 93 cb 01 	sts	0x01CB, r24	; 0x8001cb <display_digit>

	if (display_digit >= 3)
     bea:	80 91 cb 01 	lds	r24, 0x01CB	; 0x8001cb <display_digit>
     bee:	83 30       	cpi	r24, 0x03	; 3
     bf0:	10 f0       	brcs	.+4      	; 0xbf6 <Display_Refresh+0xf4>
	display_digit = 0;
     bf2:	10 92 cb 01 	sts	0x01CB, r1	; 0x8001cb <display_digit>
     bf6:	08 95       	ret

00000bf8 <Timer1_Init>:
}

void Timer1_Init(void)
{
	TCCR1A = 0;
     bf8:	10 92 80 00 	sts	0x0080, r1	; 0x800080 <__TEXT_REGION_LENGTH__+0x7e0080>
	TCCR1B = (1 << WGM12) | (1 << CS11) | (1 << CS10);
     bfc:	8b e0       	ldi	r24, 0x0B	; 11
     bfe:	80 93 81 00 	sts	0x0081, r24	; 0x800081 <__TEXT_REGION_LENGTH__+0x7e0081>
	OCR1A = TIMER1_OCR_VALUE;
     c02:	80 e4       	ldi	r24, 0x40	; 64
     c04:	93 e0       	ldi	r25, 0x03	; 3
     c06:	90 93 89 00 	sts	0x0089, r25	; 0x800089 <__TEXT_REGION_LENGTH__+0x7e0089>
     c0a:	80 93 88 00 	sts	0x0088, r24	; 0x800088 <__TEXT_REGION_LENGTH__+0x7e0088>
	TIMSK1 = (1 << OCIE1A);
     c0e:	82 e0       	ldi	r24, 0x02	; 2
     c10:	80 93 6f 00 	sts	0x006F, r24	; 0x80006f <__TEXT_REGION_LENGTH__+0x7e006f>
     c14:	08 95       	ret

00000c16 <__vector_11>:
}

ISR(TIMER1_COMPA_vect)
{
     c16:	1f 92       	push	r1
     c18:	0f 92       	push	r0
     c1a:	0f b6       	in	r0, 0x3f	; 63
     c1c:	0f 92       	push	r0
     c1e:	11 24       	eor	r1, r1
     c20:	2f 93       	push	r18
     c22:	3f 93       	push	r19
     c24:	4f 93       	push	r20
     c26:	5f 93       	push	r21
     c28:	6f 93       	push	r22
     c2a:	7f 93       	push	r23
     c2c:	8f 93       	push	r24
     c2e:	9f 93       	push	r25
     c30:	af 93       	push	r26
     c32:	bf 93       	push	r27
     c34:	ef 93       	push	r30
     c36:	ff 93       	push	r31
	Display_Refresh();
     c38:	0e 94 81 05 	call	0xb02	; 0xb02 <Display_Refresh>
	Button_TimerTick();
     c3c:	0e 94 a6 04 	call	0x94c	; 0x94c <Button_TimerTick>
}
     c40:	ff 91       	pop	r31
     c42:	ef 91       	pop	r30
     c44:	bf 91       	pop	r27
     c46:	af 91       	pop	r26
     c48:	9f 91       	pop	r25
     c4a:	8f 91       	pop	r24
     c4c:	7f 91       	pop	r23
     c4e:	6f 91       	pop	r22
     c50:	5f 91       	pop	r21
     c52:	4f 91       	pop	r20
     c54:	3f 91       	pop	r19
     c56:	2f 91       	pop	r18
     c58:	0f 90       	pop	r0
     c5a:	0f be       	out	0x3f, r0	; 63
     c5c:	0f 90       	pop	r0
     c5e:	1f 90       	pop	r1
     c60:	18 95       	reti

00000c62 <EEPROM_CRC8>:
{
	uint8_t crc = 0;
	uint8_t i;
	uint8_t bit;

	for (i = 0; i < length; i++)
     c62:	66 23       	and	r22, r22
     c64:	d1 f0       	breq	.+52     	; 0xc9a <EEPROM_CRC8+0x38>
     c66:	fc 01       	movw	r30, r24
     c68:	61 50       	subi	r22, 0x01	; 1
     c6a:	26 2f       	mov	r18, r22
     c6c:	30 e0       	ldi	r19, 0x00	; 0
     c6e:	2f 5f       	subi	r18, 0xFF	; 255
     c70:	3f 4f       	sbci	r19, 0xFF	; 255
     c72:	ac 01       	movw	r20, r24
     c74:	42 0f       	add	r20, r18
     c76:	53 1f       	adc	r21, r19
     c78:	80 e0       	ldi	r24, 0x00	; 0
		crc ^= data[i];

		for (bit = 0; bit < 8; bit++)
		{
			if (crc & 0x80)
			crc = (uint8_t)((crc << 1) ^ 0x07);
     c7a:	27 e0       	ldi	r18, 0x07	; 7
	uint8_t i;
	uint8_t bit;

	for (i = 0; i < length; i++)
	{
		crc ^= data[i];
     c7c:	91 91       	ld	r25, Z+
     c7e:	89 27       	eor	r24, r25
     c80:	98 e0       	ldi	r25, 0x08	; 8

		for (bit = 0; bit < 8; bit++)
		{
			if (crc & 0x80)
     c82:	88 23       	and	r24, r24
     c84:	1c f4       	brge	.+6      	; 0xc8c <EEPROM_CRC8+0x2a>
			crc = (uint8_t)((crc << 1) ^ 0x07);
     c86:	88 0f       	add	r24, r24
     c88:	82 27       	eor	r24, r18
     c8a:	01 c0       	rjmp	.+2      	; 0xc8e <EEPROM_CRC8+0x2c>
			else
			crc <<= 1;
     c8c:	88 0f       	add	r24, r24
     c8e:	91 50       	subi	r25, 0x01	; 1

	for (i = 0; i < length; i++)
	{
		crc ^= data[i];

		for (bit = 0; bit < 8; bit++)
     c90:	c1 f7       	brne	.-16     	; 0xc82 <EEPROM_CRC8+0x20>
{
	uint8_t crc = 0;
	uint8_t i;
	uint8_t bit;

	for (i = 0; i < length; i++)
     c92:	e4 17       	cp	r30, r20
     c94:	f5 07       	cpc	r31, r21
     c96:	91 f7       	brne	.-28     	; 0xc7c <EEPROM_CRC8+0x1a>
     c98:	08 95       	ret
	night_end_second = 0;
}

static uint8_t EEPROM_CRC8(const uint8_t *data, uint8_t length)
{
	uint8_t crc = 0;
     c9a:	80 e0       	ldi	r24, 0x00	; 0
			crc <<= 1;
		}
	}

	return crc;
}
     c9c:	08 95       	ret

00000c9e <EEPROM_Save>:

	return 1;
}

void EEPROM_Save(void)
{
     c9e:	cf 93       	push	r28
     ca0:	df 93       	push	r29
     ca2:	cd b7       	in	r28, 0x3d	; 61
     ca4:	de b7       	in	r29, 0x3e	; 62
     ca6:	67 97       	sbiw	r28, 0x17	; 23
     ca8:	0f b6       	in	r0, 0x3f	; 63
     caa:	f8 94       	cli
     cac:	de bf       	out	0x3e, r29	; 62
     cae:	0f be       	out	0x3f, r0	; 63
     cb0:	cd bf       	out	0x3d, r28	; 61

static void EEPROM_BuildConfig(EEPROM_Config *config)
{
	uint8_t i;

	config->magic = EEPROM_CONFIG_MAGIC;
     cb2:	86 e4       	ldi	r24, 0x46	; 70
     cb4:	93 e5       	ldi	r25, 0x53	; 83
     cb6:	9a 83       	std	Y+2, r25	; 0x02
     cb8:	89 83       	std	Y+1, r24	; 0x01
	config->version = EEPROM_CONFIG_VERSION;
     cba:	81 e0       	ldi	r24, 0x01	; 1
     cbc:	8b 83       	std	Y+3, r24	; 0x03
	config->mode = (uint8_t)current_mode;
     cbe:	80 91 d2 01 	lds	r24, 0x01D2	; 0x8001d2 <current_mode>
     cc2:	8c 83       	std	Y+4, r24	; 0x04

	for (i = 0; i < 4; i++)
	config->auto_stage_time[i] = auto_stage_time[i];
     cc4:	e6 e0       	ldi	r30, 0x06	; 6
     cc6:	f1 e0       	ldi	r31, 0x01	; 1
     cc8:	80 81       	ld	r24, Z
     cca:	91 81       	ldd	r25, Z+1	; 0x01
     ccc:	9e 83       	std	Y+6, r25	; 0x06
     cce:	8d 83       	std	Y+5, r24	; 0x05
     cd0:	82 81       	ldd	r24, Z+2	; 0x02
     cd2:	93 81       	ldd	r25, Z+3	; 0x03
     cd4:	98 87       	std	Y+8, r25	; 0x08
     cd6:	8f 83       	std	Y+7, r24	; 0x07
     cd8:	84 81       	ldd	r24, Z+4	; 0x04
     cda:	95 81       	ldd	r25, Z+5	; 0x05
     cdc:	9a 87       	std	Y+10, r25	; 0x0a
     cde:	89 87       	std	Y+9, r24	; 0x09
     ce0:	86 81       	ldd	r24, Z+6	; 0x06
     ce2:	97 81       	ldd	r25, Z+7	; 0x07
     ce4:	9c 87       	std	Y+12, r25	; 0x0c
     ce6:	8b 87       	std	Y+11, r24	; 0x0b

	config->night_on_time = night_on_time;
     ce8:	80 91 04 01 	lds	r24, 0x0104	; 0x800104 <night_on_time>
     cec:	90 91 05 01 	lds	r25, 0x0105	; 0x800105 <night_on_time+0x1>
     cf0:	9e 87       	std	Y+14, r25	; 0x0e
     cf2:	8d 87       	std	Y+13, r24	; 0x0d
	config->night_off_time = night_off_time;
     cf4:	80 91 02 01 	lds	r24, 0x0102	; 0x800102 <night_off_time>
     cf8:	90 91 03 01 	lds	r25, 0x0103	; 0x800103 <night_off_time+0x1>
     cfc:	98 8b       	std	Y+16, r25	; 0x10
     cfe:	8f 87       	std	Y+15, r24	; 0x0f

	config->night_start_hour = night_start_hour;
     d00:	80 91 01 01 	lds	r24, 0x0101	; 0x800101 <night_start_hour>
     d04:	89 8b       	std	Y+17, r24	; 0x11
	config->night_start_minute = night_start_minute;
     d06:	80 91 d1 01 	lds	r24, 0x01D1	; 0x8001d1 <night_start_minute>
     d0a:	8a 8b       	std	Y+18, r24	; 0x12
	config->night_start_second = night_start_second;
     d0c:	80 91 d0 01 	lds	r24, 0x01D0	; 0x8001d0 <night_start_second>
     d10:	8b 8b       	std	Y+19, r24	; 0x13

	config->night_end_hour = night_end_hour;
     d12:	80 91 00 01 	lds	r24, 0x0100	; 0x800100 <__data_start>
     d16:	8c 8b       	std	Y+20, r24	; 0x14
	config->night_end_minute = night_end_minute;
     d18:	80 91 cf 01 	lds	r24, 0x01CF	; 0x8001cf <night_end_minute>
     d1c:	8d 8b       	std	Y+21, r24	; 0x15
	config->night_end_second = night_end_second;
     d1e:	80 91 ce 01 	lds	r24, 0x01CE	; 0x8001ce <night_end_second>
     d22:	8e 8b       	std	Y+22, r24	; 0x16

	config->crc = EEPROM_CRC8(
     d24:	66 e1       	ldi	r22, 0x16	; 22
     d26:	ce 01       	movw	r24, r28
     d28:	01 96       	adiw	r24, 0x01	; 1
     d2a:	0e 94 31 06 	call	0xc62	; 0xc62 <EEPROM_CRC8>
     d2e:	8f 8b       	std	Y+23, r24	; 0x17
{
	EEPROM_Config config;

	EEPROM_BuildConfig(&config);

	eeprom_update_block(
     d30:	47 e1       	ldi	r20, 0x17	; 23
     d32:	50 e0       	ldi	r21, 0x00	; 0
     d34:	60 e0       	ldi	r22, 0x00	; 0
     d36:	70 e0       	ldi	r23, 0x00	; 0
     d38:	ce 01       	movw	r24, r28
     d3a:	01 96       	adiw	r24, 0x01	; 1
     d3c:	0e 94 7c 13 	call	0x26f8	; 0x26f8 <eeprom_update_block>
	&config,
	&eeprom_config,
	sizeof(EEPROM_Config)
	);
}
     d40:	67 96       	adiw	r28, 0x17	; 23
     d42:	0f b6       	in	r0, 0x3f	; 63
     d44:	f8 94       	cli
     d46:	de bf       	out	0x3e, r29	; 62
     d48:	0f be       	out	0x3f, r0	; 63
     d4a:	cd bf       	out	0x3d, r28	; 61
     d4c:	df 91       	pop	r29
     d4e:	cf 91       	pop	r28
     d50:	08 95       	ret

00000d52 <EEPROM_Load>:

uint8_t EEPROM_Load(void)
{
     d52:	4f 92       	push	r4
     d54:	5f 92       	push	r5
     d56:	6f 92       	push	r6
     d58:	7f 92       	push	r7
     d5a:	8f 92       	push	r8
     d5c:	9f 92       	push	r9
     d5e:	af 92       	push	r10
     d60:	bf 92       	push	r11
     d62:	cf 92       	push	r12
     d64:	df 92       	push	r13
     d66:	ef 92       	push	r14
     d68:	ff 92       	push	r15
     d6a:	0f 93       	push	r16
     d6c:	1f 93       	push	r17
     d6e:	cf 93       	push	r28
     d70:	df 93       	push	r29
     d72:	cd b7       	in	r28, 0x3d	; 61
     d74:	de b7       	in	r29, 0x3e	; 62
     d76:	67 97       	sbiw	r28, 0x17	; 23
     d78:	0f b6       	in	r0, 0x3f	; 63
     d7a:	f8 94       	cli
     d7c:	de bf       	out	0x3e, r29	; 62
     d7e:	0f be       	out	0x3f, r0	; 63
     d80:	cd bf       	out	0x3d, r28	; 61
	EEPROM_Config config;
	uint8_t i;

	eeprom_read_block(
     d82:	47 e1       	ldi	r20, 0x17	; 23
     d84:	50 e0       	ldi	r21, 0x00	; 0
     d86:	60 e0       	ldi	r22, 0x00	; 0
     d88:	70 e0       	ldi	r23, 0x00	; 0
     d8a:	ce 01       	movw	r24, r28
     d8c:	01 96       	adiw	r24, 0x01	; 1
     d8e:	0e 94 6c 13 	call	0x26d8	; 0x26d8 <eeprom_read_block>

static uint8_t EEPROM_IsValid(const EEPROM_Config *config)
{
	uint8_t crc;

	if (config->magic != EEPROM_CONFIG_MAGIC)
     d92:	89 81       	ldd	r24, Y+1	; 0x01
     d94:	9a 81       	ldd	r25, Y+2	; 0x02
     d96:	86 34       	cpi	r24, 0x46	; 70
     d98:	93 45       	sbci	r25, 0x53	; 83
     d9a:	f1 f5       	brne	.+124    	; 0xe18 <EEPROM_Load+0xc6>
	return 0;

	if (config->version != EEPROM_CONFIG_VERSION)
     d9c:	1b 81       	ldd	r17, Y+3	; 0x03
     d9e:	11 30       	cpi	r17, 0x01	; 1
     da0:	d9 f5       	brne	.+118    	; 0xe18 <EEPROM_Load+0xc6>
	return 0;

	if (config->mode > MODE_AUTO_NIGHT)
     da2:	4c 80       	ldd	r4, Y+4	; 0x04
     da4:	83 e0       	ldi	r24, 0x03	; 3
     da6:	84 15       	cp	r24, r4
     da8:	b8 f1       	brcs	.+110    	; 0xe18 <EEPROM_Load+0xc6>
	return 0;

	if (config->auto_stage_time[0] == 0 &&
     daa:	ed 80       	ldd	r14, Y+5	; 0x05
     dac:	fe 80       	ldd	r15, Y+6	; 0x06
     dae:	e1 14       	cp	r14, r1
     db0:	f1 04       	cpc	r15, r1
     db2:	61 f4       	brne	.+24     	; 0xdcc <EEPROM_Load+0x7a>
     db4:	8f 81       	ldd	r24, Y+7	; 0x07
     db6:	98 85       	ldd	r25, Y+8	; 0x08
     db8:	89 2b       	or	r24, r25
     dba:	41 f4       	brne	.+16     	; 0xdcc <EEPROM_Load+0x7a>
	config->auto_stage_time[1] == 0 &&
     dbc:	89 85       	ldd	r24, Y+9	; 0x09
     dbe:	9a 85       	ldd	r25, Y+10	; 0x0a
     dc0:	89 2b       	or	r24, r25
     dc2:	21 f4       	brne	.+8      	; 0xdcc <EEPROM_Load+0x7a>
	config->auto_stage_time[2] == 0 &&
     dc4:	8b 85       	ldd	r24, Y+11	; 0x0b
     dc6:	9c 85       	ldd	r25, Y+12	; 0x0c
     dc8:	89 2b       	or	r24, r25
     dca:	31 f1       	breq	.+76     	; 0xe18 <EEPROM_Load+0xc6>
	config->auto_stage_time[3] == 0)
	{
		return 0;
	}

	if (config->night_on_time == 0 ||
     dcc:	cd 84       	ldd	r12, Y+13	; 0x0d
     dce:	de 84       	ldd	r13, Y+14	; 0x0e
     dd0:	c1 14       	cp	r12, r1
     dd2:	d1 04       	cpc	r13, r1
     dd4:	09 f1       	breq	.+66     	; 0xe18 <EEPROM_Load+0xc6>
	config->night_off_time == 0)
     dd6:	af 84       	ldd	r10, Y+15	; 0x0f
     dd8:	b8 88       	ldd	r11, Y+16	; 0x10
	config->auto_stage_time[3] == 0)
	{
		return 0;
	}

	if (config->night_on_time == 0 ||
     dda:	a1 14       	cp	r10, r1
     ddc:	b1 04       	cpc	r11, r1
     dde:	e1 f0       	breq	.+56     	; 0xe18 <EEPROM_Load+0xc6>
	config->night_off_time == 0)
	{
		return 0;
	}

	if (config->night_start_hour > 23 ||
     de0:	09 89       	ldd	r16, Y+17	; 0x11
     de2:	08 31       	cpi	r16, 0x18	; 24
     de4:	c8 f4       	brcc	.+50     	; 0xe18 <EEPROM_Load+0xc6>
	config->night_start_minute > 59 ||
     de6:	9a 88       	ldd	r9, Y+18	; 0x12
	config->night_off_time == 0)
	{
		return 0;
	}

	if (config->night_start_hour > 23 ||
     de8:	2b e3       	ldi	r18, 0x3B	; 59
     dea:	29 15       	cp	r18, r9
     dec:	a8 f0       	brcs	.+42     	; 0xe18 <EEPROM_Load+0xc6>
	config->night_start_minute > 59 ||
	config->night_start_second > 59)
     dee:	8b 88       	ldd	r8, Y+19	; 0x13
	{
		return 0;
	}

	if (config->night_start_hour > 23 ||
	config->night_start_minute > 59 ||
     df0:	28 15       	cp	r18, r8
     df2:	90 f0       	brcs	.+36     	; 0xe18 <EEPROM_Load+0xc6>
	config->night_start_second > 59)
	{
		return 0;
	}

	if (config->night_end_hour > 23 ||
     df4:	5c 88       	ldd	r5, Y+20	; 0x14
     df6:	87 e1       	ldi	r24, 0x17	; 23
     df8:	85 15       	cp	r24, r5
     dfa:	70 f0       	brcs	.+28     	; 0xe18 <EEPROM_Load+0xc6>
	config->night_end_minute > 59 ||
     dfc:	6d 88       	ldd	r6, Y+21	; 0x15
	config->night_start_second > 59)
	{
		return 0;
	}

	if (config->night_end_hour > 23 ||
     dfe:	26 15       	cp	r18, r6
     e00:	58 f0       	brcs	.+22     	; 0xe18 <EEPROM_Load+0xc6>
	config->night_end_minute > 59 ||
	config->night_end_second > 59)
     e02:	7e 88       	ldd	r7, Y+22	; 0x16
	{
		return 0;
	}

	if (config->night_end_hour > 23 ||
	config->night_end_minute > 59 ||
     e04:	27 15       	cp	r18, r7
     e06:	40 f0       	brcs	.+16     	; 0xe18 <EEPROM_Load+0xc6>
	config->night_end_second > 59)
	{
		return 0;
	}

	crc = EEPROM_CRC8(
     e08:	66 e1       	ldi	r22, 0x16	; 22
     e0a:	ce 01       	movw	r24, r28
     e0c:	01 96       	adiw	r24, 0x01	; 1
     e0e:	0e 94 31 06 	call	0xc62	; 0xc62 <EEPROM_CRC8>
	&config,
	&eeprom_config,
	sizeof(EEPROM_Config)
	);

	if (!EEPROM_IsValid(&config))
     e12:	9f 89       	ldd	r25, Y+23	; 0x17
     e14:	89 17       	cp	r24, r25
     e16:	71 f1       	breq	.+92     	; 0xe74 <EEPROM_Load+0x122>

static EEPROM_Config EEMEM eeprom_config;

static void EEPROM_SetDefaults(void)
{
	current_mode = MODE_OFF;
     e18:	10 92 d2 01 	sts	0x01D2, r1	; 0x8001d2 <current_mode>

	auto_stage_time[0] = 30;
     e1c:	e6 e0       	ldi	r30, 0x06	; 6
     e1e:	f1 e0       	ldi	r31, 0x01	; 1
     e20:	8e e1       	ldi	r24, 0x1E	; 30
     e22:	90 e0       	ldi	r25, 0x00	; 0
     e24:	91 83       	std	Z+1, r25	; 0x01
     e26:	80 83       	st	Z, r24
	auto_stage_time[1] = 5;
     e28:	85 e0       	ldi	r24, 0x05	; 5
     e2a:	90 e0       	ldi	r25, 0x00	; 0
     e2c:	93 83       	std	Z+3, r25	; 0x03
     e2e:	82 83       	std	Z+2, r24	; 0x02
	auto_stage_time[2] = 20;
     e30:	24 e1       	ldi	r18, 0x14	; 20
     e32:	30 e0       	ldi	r19, 0x00	; 0
     e34:	35 83       	std	Z+5, r19	; 0x05
     e36:	24 83       	std	Z+4, r18	; 0x04
	auto_stage_time[3] = 5;
     e38:	97 83       	std	Z+7, r25	; 0x07
     e3a:	86 83       	std	Z+6, r24	; 0x06

	night_on_time = 2;
     e3c:	82 e0       	ldi	r24, 0x02	; 2
     e3e:	90 e0       	ldi	r25, 0x00	; 0
     e40:	90 93 05 01 	sts	0x0105, r25	; 0x800105 <night_on_time+0x1>
     e44:	80 93 04 01 	sts	0x0104, r24	; 0x800104 <night_on_time>
	night_off_time = 2;
     e48:	90 93 03 01 	sts	0x0103, r25	; 0x800103 <night_off_time+0x1>
     e4c:	80 93 02 01 	sts	0x0102, r24	; 0x800102 <night_off_time>

	night_start_hour = 22;
     e50:	86 e1       	ldi	r24, 0x16	; 22
     e52:	80 93 01 01 	sts	0x0101, r24	; 0x800101 <night_start_hour>
	night_start_minute = 0;
     e56:	10 92 d1 01 	sts	0x01D1, r1	; 0x8001d1 <night_start_minute>
	night_start_second = 0;
     e5a:	10 92 d0 01 	sts	0x01D0, r1	; 0x8001d0 <night_start_second>

	night_end_hour = 6;
     e5e:	86 e0       	ldi	r24, 0x06	; 6
     e60:	80 93 00 01 	sts	0x0100, r24	; 0x800100 <__data_start>
	night_end_minute = 0;
     e64:	10 92 cf 01 	sts	0x01CF, r1	; 0x8001cf <night_end_minute>
	night_end_second = 0;
     e68:	10 92 ce 01 	sts	0x01CE, r1	; 0x8001ce <night_end_second>
	);

	if (!EEPROM_IsValid(&config))
	{
		EEPROM_SetDefaults();
		EEPROM_Save();
     e6c:	0e 94 4f 06 	call	0xc9e	; 0xc9e <EEPROM_Save>
		return 0;
     e70:	10 e0       	ldi	r17, 0x00	; 0
     e72:	26 c0       	rjmp	.+76     	; 0xec0 <EEPROM_Load+0x16e>
	}

	current_mode = (TrafficMode)config.mode;
     e74:	40 92 d2 01 	sts	0x01D2, r4	; 0x8001d2 <current_mode>

	for (i = 0; i < 4; i++)
	auto_stage_time[i] = config.auto_stage_time[i];
     e78:	e6 e0       	ldi	r30, 0x06	; 6
     e7a:	f1 e0       	ldi	r31, 0x01	; 1
     e7c:	f1 82       	std	Z+1, r15	; 0x01
     e7e:	e0 82       	st	Z, r14
     e80:	8f 81       	ldd	r24, Y+7	; 0x07
     e82:	98 85       	ldd	r25, Y+8	; 0x08
     e84:	93 83       	std	Z+3, r25	; 0x03
     e86:	82 83       	std	Z+2, r24	; 0x02
     e88:	89 85       	ldd	r24, Y+9	; 0x09
     e8a:	9a 85       	ldd	r25, Y+10	; 0x0a
     e8c:	95 83       	std	Z+5, r25	; 0x05
     e8e:	84 83       	std	Z+4, r24	; 0x04
     e90:	8b 85       	ldd	r24, Y+11	; 0x0b
     e92:	9c 85       	ldd	r25, Y+12	; 0x0c
     e94:	97 83       	std	Z+7, r25	; 0x07
     e96:	86 83       	std	Z+6, r24	; 0x06

	night_on_time = config.night_on_time;
     e98:	d0 92 05 01 	sts	0x0105, r13	; 0x800105 <night_on_time+0x1>
     e9c:	c0 92 04 01 	sts	0x0104, r12	; 0x800104 <night_on_time>
	night_off_time = config.night_off_time;
     ea0:	b0 92 03 01 	sts	0x0103, r11	; 0x800103 <night_off_time+0x1>
     ea4:	a0 92 02 01 	sts	0x0102, r10	; 0x800102 <night_off_time>

	night_start_hour = config.night_start_hour;
     ea8:	00 93 01 01 	sts	0x0101, r16	; 0x800101 <night_start_hour>
	night_start_minute = config.night_start_minute;
     eac:	90 92 d1 01 	sts	0x01D1, r9	; 0x8001d1 <night_start_minute>
	night_start_second = config.night_start_second;
     eb0:	80 92 d0 01 	sts	0x01D0, r8	; 0x8001d0 <night_start_second>

	night_end_hour = config.night_end_hour;
     eb4:	50 92 00 01 	sts	0x0100, r5	; 0x800100 <__data_start>
	night_end_minute = config.night_end_minute;
     eb8:	60 92 cf 01 	sts	0x01CF, r6	; 0x8001cf <night_end_minute>
	night_end_second = config.night_end_second;
     ebc:	70 92 ce 01 	sts	0x01CE, r7	; 0x8001ce <night_end_second>

	return 1;
}
     ec0:	81 2f       	mov	r24, r17
     ec2:	67 96       	adiw	r28, 0x17	; 23
     ec4:	0f b6       	in	r0, 0x3f	; 63
     ec6:	f8 94       	cli
     ec8:	de bf       	out	0x3e, r29	; 62
     eca:	0f be       	out	0x3f, r0	; 63
     ecc:	cd bf       	out	0x3d, r28	; 61
     ece:	df 91       	pop	r29
     ed0:	cf 91       	pop	r28
     ed2:	1f 91       	pop	r17
     ed4:	0f 91       	pop	r16
     ed6:	ff 90       	pop	r15
     ed8:	ef 90       	pop	r14
     eda:	df 90       	pop	r13
     edc:	cf 90       	pop	r12
     ede:	bf 90       	pop	r11
     ee0:	af 90       	pop	r10
     ee2:	9f 90       	pop	r9
     ee4:	8f 90       	pop	r8
     ee6:	7f 90       	pop	r7
     ee8:	6f 90       	pop	r6
     eea:	5f 90       	pop	r5
     eec:	4f 90       	pop	r4
     eee:	08 95       	ret

00000ef0 <GPIO_Init>:

#include <avr/io.h>

void GPIO_Init(void)
{
	DDRD |= (1 << CAR_RED) | (1 << CAR_YELLOW) | (1 << CAR_GREEN) |
     ef0:	8a b1       	in	r24, 0x0a	; 10
     ef2:	88 6f       	ori	r24, 0xF8	; 248
     ef4:	8a b9       	out	0x0a, r24	; 10
	(1 << PED_RED) | (1 << PED_GREEN);

	DDRB |= (1 << PB0) | (1 << PB1) | (1 << PB2) |
     ef6:	84 b1       	in	r24, 0x04	; 4
     ef8:	8f 63       	ori	r24, 0x3F	; 63
     efa:	84 b9       	out	0x04, r24	; 4
	(1 << PB3) | (1 << PB4) | (1 << PB5);

	DDRC |= (1 << DIGIT_UNITS) | (1 << DIGIT_TENS) |
     efc:	87 b1       	in	r24, 0x07	; 7
     efe:	8f 60       	ori	r24, 0x0F	; 15
     f00:	87 b9       	out	0x07, r24	; 7
	(1 << DIGIT_HUNDREDS) | (1 << SEGMENT_G);

	Traffic_AllOff();
     f02:	0e 94 18 0a 	call	0x1430	; 0x1430 <Traffic_AllOff>
	Display_DisableAll();
     f06:	0e 94 57 05 	call	0xaae	; 0xaae <Display_DisableAll>
	Display_ClearSegments();
     f0a:	0e 94 5b 05 	call	0xab6	; 0xab6 <Display_ClearSegments>
     f0e:	08 95       	ret

00000f10 <main>:

int main(void)
{
    uint8_t eeprom_valid;

    GPIO_Init();
     f10:	0e 94 78 07 	call	0xef0	; 0xef0 <GPIO_Init>
    UART_Init();
     f14:	0e 94 5f 0e 	call	0x1cbe	; 0x1cbe <UART_Init>
    TWI_Init();
     f18:	0e 94 cc 0c 	call	0x1998	; 0x1998 <TWI_Init>
    Timer1_Init();
     f1c:	0e 94 fc 05 	call	0xbf8	; 0xbf8 <Timer1_Init>
    Button_Init();
     f20:	0e 94 9a 04 	call	0x934	; 0x934 <Button_Init>

    sei();
     f24:	78 94       	sei

    UART_StartupMessage();
     f26:	0e 94 58 13 	call	0x26b0	; 0x26b0 <UART_StartupMessage>
    Reset_Report();
     f2a:	0e 94 f8 07 	call	0xff0	; 0xff0 <Reset_Report>

    eeprom_valid = EEPROM_Load();
     f2e:	0e 94 a9 06 	call	0xd52	; 0xd52 <EEPROM_Load>

    if (eeprom_valid)
     f32:	88 23       	and	r24, r24
     f34:	29 f0       	breq	.+10     	; 0xf40 <main+0x30>
        UART_SendString_P(PSTR("EEPROM: SETTINGS LOADED\r\n"));
     f36:	8e ea       	ldi	r24, 0xAE	; 174
     f38:	90 e0       	ldi	r25, 0x00	; 0
     f3a:	0e 94 84 0e 	call	0x1d08	; 0x1d08 <UART_SendString_P>
     f3e:	04 c0       	rjmp	.+8      	; 0xf48 <main+0x38>
    else
        UART_SendString_P(
     f40:	8c e7       	ldi	r24, 0x7C	; 124
     f42:	90 e0       	ldi	r25, 0x00	; 0
     f44:	0e 94 84 0e 	call	0x1d08	; 0x1d08 <UART_SendString_P>
            PSTR("EEPROM: INVALID/EMPTY - DEFAULT SETTINGS LOADED\r\n")
        );

    if (!RTC_Update())
     f48:	0e 94 f2 09 	call	0x13e4	; 0x13e4 <RTC_Update>
     f4c:	81 11       	cpse	r24, r1
     f4e:	10 c0       	rjmp	.+32     	; 0xf70 <main+0x60>
    {
        rtc_error = 1;
     f50:	81 e0       	ldi	r24, 0x01	; 1
     f52:	80 93 d3 01 	sts	0x01D3, r24	; 0x8001d3 <rtc_error>
        Traffic_AllOff();
     f56:	0e 94 18 0a 	call	0x1430	; 0x1430 <Traffic_AllOff>
        Display_Off();
     f5a:	0e 94 60 05 	call	0xac0	; 0xac0 <Display_Off>

        UART_SendString_P(str_rtc_error);
     f5e:	83 e8       	ldi	r24, 0x83	; 131
     f60:	97 e0       	ldi	r25, 0x07	; 7
     f62:	0e 94 84 0e 	call	0x1d08	; 0x1d08 <UART_SendString_P>
        UART_SendString_P(str_rtc_disabled);
     f66:	87 e6       	ldi	r24, 0x67	; 103
     f68:	97 e0       	ldi	r25, 0x07	; 7
     f6a:	0e 94 84 0e 	call	0x1d08	; 0x1d08 <UART_SendString_P>
     f6e:	0e c0       	rjmp	.+28     	; 0xf8c <main+0x7c>
    }
    else
    {
        rtc_error = 0;
     f70:	10 92 d3 01 	sts	0x01D3, r1	; 0x8001d3 <rtc_error>

        Traffic_AllOff();
     f74:	0e 94 18 0a 	call	0x1430	; 0x1430 <Traffic_AllOff>
        Display_Off();
     f78:	0e 94 60 05 	call	0xac0	; 0xac0 <Display_Off>

        UART_SendString_P(str_rtc_ok);
     f7c:	8d e5       	ldi	r24, 0x5D	; 93
     f7e:	97 e0       	ldi	r25, 0x07	; 7
     f80:	0e 94 84 0e 	call	0x1d08	; 0x1d08 <UART_SendString_P>

        Set_Mode(current_mode);
     f84:	80 91 d2 01 	lds	r24, 0x01D2	; 0x8001d2 <current_mode>
     f88:	0e 94 3c 0a 	call	0x1478	; 0x1478 <Set_Mode>
        if (uart_command_ready)
            Process_Command();

        if (!RTC_Update())
        {
            rtc_error = 1;
     f8c:	c1 e0       	ldi	r28, 0x01	; 1
        Set_Mode(current_mode);
    }

    while (1)
    {
        if (uart_command_ready)
     f8e:	80 91 e5 01 	lds	r24, 0x01E5	; 0x8001e5 <uart_command_ready>
     f92:	81 11       	cpse	r24, r1
            Process_Command();
     f94:	0e 94 4a 0f 	call	0x1e94	; 0x1e94 <Process_Command>

        if (!RTC_Update())
     f98:	0e 94 f2 09 	call	0x13e4	; 0x13e4 <RTC_Update>
     f9c:	81 11       	cpse	r24, r1
     f9e:	07 c0       	rjmp	.+14     	; 0xfae <main+0x9e>
        {
            rtc_error = 1;
     fa0:	c0 93 d3 01 	sts	0x01D3, r28	; 0x8001d3 <rtc_error>
            Traffic_AllOff();
     fa4:	0e 94 18 0a 	call	0x1430	; 0x1430 <Traffic_AllOff>
            Display_Off();
     fa8:	0e 94 60 05 	call	0xac0	; 0xac0 <Display_Off>
            continue;
     fac:	f0 cf       	rjmp	.-32     	; 0xf8e <main+0x7e>
        }

        rtc_error = 0;
     fae:	10 92 d3 01 	sts	0x01D3, r1	; 0x8001d3 <rtc_error>

        Process_Button_Event();
     fb2:	0e 94 c6 04 	call	0x98c	; 0x98c <Process_Button_Event>

        switch (current_mode)
     fb6:	80 91 d2 01 	lds	r24, 0x01D2	; 0x8001d2 <current_mode>
     fba:	81 30       	cpi	r24, 0x01	; 1
     fbc:	59 f0       	breq	.+22     	; 0xfd4 <main+0xc4>
     fbe:	28 f0       	brcs	.+10     	; 0xfca <main+0xba>
     fc0:	82 30       	cpi	r24, 0x02	; 2
     fc2:	59 f0       	breq	.+22     	; 0xfda <main+0xca>
     fc4:	83 30       	cpi	r24, 0x03	; 3
     fc6:	61 f0       	breq	.+24     	; 0xfe0 <main+0xd0>
     fc8:	0e c0       	rjmp	.+28     	; 0xfe6 <main+0xd6>
        {
            case MODE_OFF:
                Traffic_AllOff();
     fca:	0e 94 18 0a 	call	0x1430	; 0x1430 <Traffic_AllOff>
                Display_Off();
     fce:	0e 94 60 05 	call	0xac0	; 0xac0 <Display_Off>
                break;
     fd2:	dd cf       	rjmp	.-70     	; 0xf8e <main+0x7e>

            case MODE_AUTO:
                Process_Auto();
     fd4:	0e 94 3b 0b 	call	0x1676	; 0x1676 <Process_Auto>
                break;
     fd8:	da cf       	rjmp	.-76     	; 0xf8e <main+0x7e>

            case MODE_NIGHT:
                Process_Night();
     fda:	0e 94 44 0c 	call	0x1888	; 0x1888 <Process_Night>
                break;
     fde:	d7 cf       	rjmp	.-82     	; 0xf8e <main+0x7e>

            case MODE_AUTO_NIGHT:
                Process_Auto_Night();
     fe0:	0e 94 a9 0c 	call	0x1952	; 0x1952 <Process_Auto_Night>
                break;
     fe4:	d4 cf       	rjmp	.-88     	; 0xf8e <main+0x7e>

            default:
                Traffic_AllOff();
     fe6:	0e 94 18 0a 	call	0x1430	; 0x1430 <Traffic_AllOff>
                Display_Off();
     fea:	0e 94 60 05 	call	0xac0	; 0xac0 <Display_Off>
                break;
     fee:	cf cf       	rjmp	.-98     	; 0xf8e <main+0x7e>

00000ff0 <Reset_Report>:
}

void Reset_Report(void)
{
	if (software_reset_flag == 0xA5)
     ff0:	80 91 2d 02 	lds	r24, 0x022D	; 0x80022d <__bss_end>
     ff4:	85 3a       	cpi	r24, 0xA5	; 165
     ff6:	39 f4       	brne	.+14     	; 0x1006 <Reset_Report+0x16>
	{
		UART_SendString_P(str_reset_software);
     ff8:	8b eb       	ldi	r24, 0xBB	; 187
     ffa:	98 e0       	ldi	r25, 0x08	; 8
     ffc:	0e 94 84 0e 	call	0x1d08	; 0x1d08 <UART_SendString_P>
		software_reset_flag = 0;
    1000:	10 92 2d 02 	sts	0x022D, r1	; 0x80022d <__bss_end>
    1004:	08 95       	ret
	}
	else
	{
		UART_SendString_P(str_reset_power);
    1006:	89 ed       	ldi	r24, 0xD9	; 217
    1008:	98 e0       	ldi	r25, 0x08	; 8
    100a:	0e 94 84 0e 	call	0x1d08	; 0x1d08 <UART_SendString_P>
    100e:	08 95       	ret

00001010 <MCU_Reset>:
	}
}

void MCU_Reset(void)
{
	Traffic_AllOff();
    1010:	0e 94 18 0a 	call	0x1430	; 0x1430 <Traffic_AllOff>
	Display_Off();
    1014:	0e 94 60 05 	call	0xac0	; 0xac0 <Display_Off>

	software_reset_flag = 0xA5;
    1018:	85 ea       	ldi	r24, 0xA5	; 165
    101a:	80 93 2d 02 	sts	0x022D, r24	; 0x80022d <__bss_end>

	UCSR0A |= (1 << TXC0);
    101e:	e0 ec       	ldi	r30, 0xC0	; 192
    1020:	f0 e0       	ldi	r31, 0x00	; 0
    1022:	80 81       	ld	r24, Z
    1024:	80 64       	ori	r24, 0x40	; 64
    1026:	80 83       	st	Z, r24
	while (!(UCSR0A & (1 << TXC0)))
    1028:	80 81       	ld	r24, Z
    102a:	86 ff       	sbrs	r24, 6
    102c:	fd cf       	rjmp	.-6      	; 0x1028 <MCU_Reset+0x18>
	{
	}

	cli();
    102e:	f8 94       	cli
	asm volatile ("jmp 0");
    1030:	0c 94 00 00 	jmp	0	; 0x0 <__vectors>
    1034:	ff cf       	rjmp	.-2      	; 0x1034 <MCU_Reset+0x24>

00001036 <RTC_WriteRegister>:

	return (86400UL - previous) + now;
}

static uint8_t RTC_WriteRegister(uint8_t reg, uint8_t value)
{
    1036:	1f 93       	push	r17
    1038:	cf 93       	push	r28
    103a:	df 93       	push	r29
    103c:	d8 2f       	mov	r29, r24
    103e:	16 2f       	mov	r17, r22
	if (!TWI_Start((RTC_ADDRESS << 1) | 0))
    1040:	80 ed       	ldi	r24, 0xD0	; 208
    1042:	0e 94 d5 0c 	call	0x19aa	; 0x19aa <TWI_Start>
    1046:	c8 2f       	mov	r28, r24
    1048:	81 11       	cpse	r24, r1
    104a:	03 c0       	rjmp	.+6      	; 0x1052 <RTC_WriteRegister+0x1c>
	{
		TWI_Stop();
    104c:	0e 94 27 0d 	call	0x1a4e	; 0x1a4e <TWI_Stop>
		return 0;
    1050:	15 c0       	rjmp	.+42     	; 0x107c <RTC_WriteRegister+0x46>
	}

	if (!TWI_Write(reg))
    1052:	8d 2f       	mov	r24, r29
    1054:	0e 94 ff 0c 	call	0x19fe	; 0x19fe <TWI_Write>
    1058:	c8 2f       	mov	r28, r24
    105a:	81 11       	cpse	r24, r1
    105c:	03 c0       	rjmp	.+6      	; 0x1064 <RTC_WriteRegister+0x2e>
	{
		TWI_Stop();
    105e:	0e 94 27 0d 	call	0x1a4e	; 0x1a4e <TWI_Stop>
		return 0;
    1062:	0c c0       	rjmp	.+24     	; 0x107c <RTC_WriteRegister+0x46>
	}

	if (!TWI_Write(value))
    1064:	81 2f       	mov	r24, r17
    1066:	0e 94 ff 0c 	call	0x19fe	; 0x19fe <TWI_Write>
    106a:	c8 2f       	mov	r28, r24
    106c:	81 11       	cpse	r24, r1
    106e:	03 c0       	rjmp	.+6      	; 0x1076 <RTC_WriteRegister+0x40>
	{
		TWI_Stop();
    1070:	0e 94 27 0d 	call	0x1a4e	; 0x1a4e <TWI_Stop>
		return 0;
    1074:	03 c0       	rjmp	.+6      	; 0x107c <RTC_WriteRegister+0x46>
	}

	TWI_Stop();
    1076:	0e 94 27 0d 	call	0x1a4e	; 0x1a4e <TWI_Stop>
	return 1;
    107a:	c1 e0       	ldi	r28, 0x01	; 1
}
    107c:	8c 2f       	mov	r24, r28
    107e:	df 91       	pop	r29
    1080:	cf 91       	pop	r28
    1082:	1f 91       	pop	r17
    1084:	08 95       	ret

00001086 <Time_To_Seconds>:
{
	return (uint8_t)(((value / 10) << 4) | (value % 10));
}

uint32_t Time_To_Seconds(uint8_t hour, uint8_t minute, uint8_t second)
{
    1086:	cf 92       	push	r12
    1088:	df 92       	push	r13
    108a:	ef 92       	push	r14
    108c:	ff 92       	push	r15
    108e:	58 2f       	mov	r21, r24
	return ((uint32_t)hour * 3600UL) +
    1090:	26 2f       	mov	r18, r22
    1092:	30 e0       	ldi	r19, 0x00	; 0
    1094:	ac e3       	ldi	r26, 0x3C	; 60
    1096:	b0 e0       	ldi	r27, 0x00	; 0
    1098:	0e 94 5d 13 	call	0x26ba	; 0x26ba <__umulhisi3>
    109c:	6b 01       	movw	r12, r22
    109e:	7c 01       	movw	r14, r24
    10a0:	c4 0e       	add	r12, r20
    10a2:	d1 1c       	adc	r13, r1
    10a4:	e1 1c       	adc	r14, r1
    10a6:	f1 1c       	adc	r15, r1
    10a8:	25 2f       	mov	r18, r21
    10aa:	30 e0       	ldi	r19, 0x00	; 0
    10ac:	a0 e1       	ldi	r26, 0x10	; 16
    10ae:	be e0       	ldi	r27, 0x0E	; 14
    10b0:	0e 94 5d 13 	call	0x26ba	; 0x26ba <__umulhisi3>
    10b4:	6c 0d       	add	r22, r12
    10b6:	7d 1d       	adc	r23, r13
    10b8:	8e 1d       	adc	r24, r14
    10ba:	9f 1d       	adc	r25, r15
	((uint32_t)minute * 60UL) + second;
}
    10bc:	ff 90       	pop	r15
    10be:	ef 90       	pop	r14
    10c0:	df 90       	pop	r13
    10c2:	cf 90       	pop	r12
    10c4:	08 95       	ret

000010c6 <RTC_GetSecondsFromMidnight>:

uint32_t RTC_GetSecondsFromMidnight(const RTC_Time *time)
{
    10c6:	cf 92       	push	r12
    10c8:	df 92       	push	r13
    10ca:	ef 92       	push	r14
    10cc:	ff 92       	push	r15
    10ce:	fc 01       	movw	r30, r24
	return Time_To_Seconds(time->hours, time->minutes, time->seconds);
    10d0:	20 81       	ld	r18, Z
    10d2:	30 e0       	ldi	r19, 0x00	; 0
    10d4:	a0 e1       	ldi	r26, 0x10	; 16
    10d6:	be e0       	ldi	r27, 0x0E	; 14
    10d8:	0e 94 5d 13 	call	0x26ba	; 0x26ba <__umulhisi3>
    10dc:	6b 01       	movw	r12, r22
    10de:	7c 01       	movw	r14, r24
    10e0:	21 81       	ldd	r18, Z+1	; 0x01
    10e2:	30 e0       	ldi	r19, 0x00	; 0
    10e4:	ac e3       	ldi	r26, 0x3C	; 60
    10e6:	b0 e0       	ldi	r27, 0x00	; 0
    10e8:	0e 94 5d 13 	call	0x26ba	; 0x26ba <__umulhisi3>
    10ec:	dc 01       	movw	r26, r24
    10ee:	cb 01       	movw	r24, r22
    10f0:	8c 0d       	add	r24, r12
    10f2:	9d 1d       	adc	r25, r13
    10f4:	ae 1d       	adc	r26, r14
    10f6:	bf 1d       	adc	r27, r15
    10f8:	22 81       	ldd	r18, Z+2	; 0x02
    10fa:	bc 01       	movw	r22, r24
    10fc:	cd 01       	movw	r24, r26
    10fe:	62 0f       	add	r22, r18
    1100:	71 1d       	adc	r23, r1
    1102:	81 1d       	adc	r24, r1
    1104:	91 1d       	adc	r25, r1
}
    1106:	ff 90       	pop	r15
    1108:	ef 90       	pop	r14
    110a:	df 90       	pop	r13
    110c:	cf 90       	pop	r12
    110e:	08 95       	ret

00001110 <Seconds_Difference>:

uint32_t Seconds_Difference(uint32_t now, uint32_t previous)
{
	if (now >= previous)
    1110:	62 17       	cp	r22, r18
    1112:	73 07       	cpc	r23, r19
    1114:	84 07       	cpc	r24, r20
    1116:	95 07       	cpc	r25, r21
    1118:	28 f0       	brcs	.+10     	; 0x1124 <Seconds_Difference+0x14>
	return now - previous;
    111a:	62 1b       	sub	r22, r18
    111c:	73 0b       	sbc	r23, r19
    111e:	84 0b       	sbc	r24, r20
    1120:	95 0b       	sbc	r25, r21
    1122:	08 95       	ret

	return (86400UL - previous) + now;
    1124:	dc 01       	movw	r26, r24
    1126:	cb 01       	movw	r24, r22
    1128:	82 1b       	sub	r24, r18
    112a:	93 0b       	sbc	r25, r19
    112c:	a4 0b       	sbc	r26, r20
    112e:	b5 0b       	sbc	r27, r21
    1130:	bc 01       	movw	r22, r24
    1132:	cd 01       	movw	r24, r26
    1134:	60 58       	subi	r22, 0x80	; 128
    1136:	7e 4a       	sbci	r23, 0xAE	; 174
    1138:	8e 4f       	sbci	r24, 0xFE	; 254
    113a:	9f 4f       	sbci	r25, 0xFF	; 255
}
    113c:	08 95       	ret

0000113e <RTC_ReadTime>:
	TWI_Stop();
	return 1;
}

uint8_t RTC_ReadTime(RTC_Time *time)
{
    113e:	cf 92       	push	r12
    1140:	df 92       	push	r13
    1142:	ef 92       	push	r14
    1144:	ff 92       	push	r15
    1146:	0f 93       	push	r16
    1148:	1f 93       	push	r17
    114a:	cf 93       	push	r28
    114c:	df 93       	push	r29
    114e:	8c 01       	movw	r16, r24
	uint8_t hours;
	uint8_t day;
	uint8_t month;
	uint8_t year;

	if (!TWI_Start((RTC_ADDRESS << 1) | 0))
    1150:	80 ed       	ldi	r24, 0xD0	; 208
    1152:	0e 94 d5 0c 	call	0x19aa	; 0x19aa <TWI_Start>
    1156:	c8 2f       	mov	r28, r24
    1158:	81 11       	cpse	r24, r1
    115a:	03 c0       	rjmp	.+6      	; 0x1162 <RTC_ReadTime+0x24>
	{
		TWI_Stop();
    115c:	0e 94 27 0d 	call	0x1a4e	; 0x1a4e <TWI_Stop>
		return 0;
    1160:	8a c0       	rjmp	.+276    	; 0x1276 <RTC_ReadTime+0x138>
	}

	if (!TWI_Write(0x00))
    1162:	80 e0       	ldi	r24, 0x00	; 0
    1164:	0e 94 ff 0c 	call	0x19fe	; 0x19fe <TWI_Write>
    1168:	c8 2f       	mov	r28, r24
    116a:	81 11       	cpse	r24, r1
    116c:	03 c0       	rjmp	.+6      	; 0x1174 <RTC_ReadTime+0x36>
	{
		TWI_Stop();
    116e:	0e 94 27 0d 	call	0x1a4e	; 0x1a4e <TWI_Stop>
		return 0;
    1172:	81 c0       	rjmp	.+258    	; 0x1276 <RTC_ReadTime+0x138>
	}

	if (!TWI_Start((RTC_ADDRESS << 1) | 1))
    1174:	81 ed       	ldi	r24, 0xD1	; 209
    1176:	0e 94 d5 0c 	call	0x19aa	; 0x19aa <TWI_Start>
    117a:	c8 2f       	mov	r28, r24
    117c:	81 11       	cpse	r24, r1
    117e:	03 c0       	rjmp	.+6      	; 0x1186 <RTC_ReadTime+0x48>
	{
		TWI_Stop();
    1180:	0e 94 27 0d 	call	0x1a4e	; 0x1a4e <TWI_Stop>
		return 0;
    1184:	78 c0       	rjmp	.+240    	; 0x1276 <RTC_ReadTime+0x138>
	}

	seconds = TWI_ReadACK();
    1186:	0e 94 11 0d 	call	0x1a22	; 0x1a22 <TWI_ReadACK>
    118a:	c8 2e       	mov	r12, r24
	minutes = TWI_ReadACK();
    118c:	0e 94 11 0d 	call	0x1a22	; 0x1a22 <TWI_ReadACK>
    1190:	e8 2e       	mov	r14, r24
	hours   = TWI_ReadACK();
    1192:	0e 94 11 0d 	call	0x1a22	; 0x1a22 <TWI_ReadACK>
    1196:	c8 2f       	mov	r28, r24

	TWI_ReadACK();
    1198:	0e 94 11 0d 	call	0x1a22	; 0x1a22 <TWI_ReadACK>

	day   = TWI_ReadACK();
    119c:	0e 94 11 0d 	call	0x1a22	; 0x1a22 <TWI_ReadACK>
    11a0:	d8 2f       	mov	r29, r24
	month = TWI_ReadACK();
    11a2:	0e 94 11 0d 	call	0x1a22	; 0x1a22 <TWI_ReadACK>
    11a6:	d8 2e       	mov	r13, r24
	year  = TWI_ReadNACK();
    11a8:	0e 94 1c 0d 	call	0x1a38	; 0x1a38 <TWI_ReadNACK>
    11ac:	f8 2e       	mov	r15, r24

	TWI_Stop();
    11ae:	0e 94 27 0d 	call	0x1a4e	; 0x1a4e <TWI_Stop>
RTC_Time rtc;
uint8_t rtc_error = 0;

static uint8_t BCD_To_Decimal(uint8_t value)
{
	return (uint8_t)(((value >> 4) * 10) + (value & 0x0F));
    11b2:	8c 2d       	mov	r24, r12
    11b4:	86 95       	lsr	r24
    11b6:	86 95       	lsr	r24
    11b8:	86 95       	lsr	r24
    11ba:	8e 70       	andi	r24, 0x0E	; 14
    11bc:	98 2f       	mov	r25, r24
    11be:	99 0f       	add	r25, r25
    11c0:	99 0f       	add	r25, r25
    11c2:	98 0f       	add	r25, r24
    11c4:	8c 2d       	mov	r24, r12
    11c6:	8f 70       	andi	r24, 0x0F	; 15
    11c8:	49 2f       	mov	r20, r25
    11ca:	48 0f       	add	r20, r24
	month = TWI_ReadACK();
	year  = TWI_ReadNACK();

	TWI_Stop();

	time->seconds = BCD_To_Decimal(seconds & 0x7F);
    11cc:	f8 01       	movw	r30, r16
    11ce:	42 83       	std	Z+2, r20	; 0x02
RTC_Time rtc;
uint8_t rtc_error = 0;

static uint8_t BCD_To_Decimal(uint8_t value)
{
	return (uint8_t)(((value >> 4) * 10) + (value & 0x0F));
    11d0:	3e 2d       	mov	r19, r14
    11d2:	36 95       	lsr	r19
    11d4:	36 95       	lsr	r19
    11d6:	36 95       	lsr	r19
    11d8:	3e 70       	andi	r19, 0x0E	; 14
    11da:	83 2f       	mov	r24, r19
    11dc:	88 0f       	add	r24, r24
    11de:	88 0f       	add	r24, r24
    11e0:	38 0f       	add	r19, r24
    11e2:	9e 2d       	mov	r25, r14
    11e4:	9f 70       	andi	r25, 0x0F	; 15
    11e6:	39 0f       	add	r19, r25
	year  = TWI_ReadNACK();

	TWI_Stop();

	time->seconds = BCD_To_Decimal(seconds & 0x7F);
	time->minutes = BCD_To_Decimal(minutes & 0x7F);
    11e8:	31 83       	std	Z+1, r19	; 0x01
RTC_Time rtc;
uint8_t rtc_error = 0;

static uint8_t BCD_To_Decimal(uint8_t value)
{
	return (uint8_t)(((value >> 4) * 10) + (value & 0x0F));
    11ea:	9c 2f       	mov	r25, r28
    11ec:	96 95       	lsr	r25
    11ee:	96 95       	lsr	r25
    11f0:	96 95       	lsr	r25
    11f2:	96 70       	andi	r25, 0x06	; 6
    11f4:	89 2f       	mov	r24, r25
    11f6:	88 0f       	add	r24, r24
    11f8:	88 0f       	add	r24, r24
    11fa:	98 0f       	add	r25, r24
    11fc:	cf 70       	andi	r28, 0x0F	; 15
    11fe:	c9 0f       	add	r28, r25

	TWI_Stop();

	time->seconds = BCD_To_Decimal(seconds & 0x7F);
	time->minutes = BCD_To_Decimal(minutes & 0x7F);
	time->hours   = BCD_To_Decimal(hours & 0x3F);
    1200:	c0 83       	st	Z, r28
RTC_Time rtc;
uint8_t rtc_error = 0;

static uint8_t BCD_To_Decimal(uint8_t value)
{
	return (uint8_t)(((value >> 4) * 10) + (value & 0x0F));
    1202:	9d 2f       	mov	r25, r29
    1204:	92 95       	swap	r25
    1206:	9f 70       	andi	r25, 0x0F	; 15
    1208:	99 0f       	add	r25, r25
    120a:	89 2f       	mov	r24, r25
    120c:	88 0f       	add	r24, r24
    120e:	88 0f       	add	r24, r24
    1210:	98 0f       	add	r25, r24
    1212:	df 70       	andi	r29, 0x0F	; 15
    1214:	d9 0f       	add	r29, r25
	TWI_Stop();

	time->seconds = BCD_To_Decimal(seconds & 0x7F);
	time->minutes = BCD_To_Decimal(minutes & 0x7F);
	time->hours   = BCD_To_Decimal(hours & 0x3F);
	time->day     = BCD_To_Decimal(day);
    1216:	d3 83       	std	Z+3, r29	; 0x03
RTC_Time rtc;
uint8_t rtc_error = 0;

static uint8_t BCD_To_Decimal(uint8_t value)
{
	return (uint8_t)(((value >> 4) * 10) + (value & 0x0F));
    1218:	d4 fa       	bst	r13, 4
    121a:	99 27       	eor	r25, r25
    121c:	90 f9       	bld	r25, 0
    121e:	99 0f       	add	r25, r25
    1220:	89 2f       	mov	r24, r25
    1222:	88 0f       	add	r24, r24
    1224:	88 0f       	add	r24, r24
    1226:	98 0f       	add	r25, r24
    1228:	8d 2d       	mov	r24, r13
    122a:	8f 70       	andi	r24, 0x0F	; 15
    122c:	98 0f       	add	r25, r24

	time->seconds = BCD_To_Decimal(seconds & 0x7F);
	time->minutes = BCD_To_Decimal(minutes & 0x7F);
	time->hours   = BCD_To_Decimal(hours & 0x3F);
	time->day     = BCD_To_Decimal(day);
	time->month   = BCD_To_Decimal(month & 0x1F);
    122e:	94 83       	std	Z+4, r25	; 0x04
	time->year    = BCD_To_Decimal(year);
    1230:	2f 2d       	mov	r18, r15
    1232:	22 95       	swap	r18
    1234:	2f 70       	andi	r18, 0x0F	; 15
    1236:	22 0f       	add	r18, r18
    1238:	82 2f       	mov	r24, r18
    123a:	88 0f       	add	r24, r24
    123c:	88 0f       	add	r24, r24
    123e:	82 0f       	add	r24, r18
    1240:	2f 2d       	mov	r18, r15
    1242:	2f 70       	andi	r18, 0x0F	; 15
    1244:	f8 2e       	mov	r15, r24
    1246:	f2 0e       	add	r15, r18
    1248:	f5 82       	std	Z+5, r15	; 0x05

	if (time->hours > 23 || time->minutes > 59 || time->seconds > 59 ||
    124a:	c8 31       	cpi	r28, 0x18	; 24
    124c:	68 f4       	brcc	.+26     	; 0x1268 <RTC_ReadTime+0x12a>
    124e:	3c 33       	cpi	r19, 0x3C	; 60
    1250:	68 f4       	brcc	.+26     	; 0x126c <RTC_ReadTime+0x12e>
    1252:	4c 33       	cpi	r20, 0x3C	; 60
    1254:	68 f4       	brcc	.+26     	; 0x1270 <RTC_ReadTime+0x132>
    1256:	d1 50       	subi	r29, 0x01	; 1
    1258:	df 31       	cpi	r29, 0x1F	; 31
    125a:	60 f4       	brcc	.+24     	; 0x1274 <RTC_ReadTime+0x136>
	uint8_t year;

	if (!TWI_Start((RTC_ADDRESS << 1) | 0))
	{
		TWI_Stop();
		return 0;
    125c:	91 50       	subi	r25, 0x01	; 1
    125e:	c1 e0       	ldi	r28, 0x01	; 1
    1260:	9c 30       	cpi	r25, 0x0C	; 12
    1262:	48 f0       	brcs	.+18     	; 0x1276 <RTC_ReadTime+0x138>
    1264:	c0 e0       	ldi	r28, 0x00	; 0
    1266:	07 c0       	rjmp	.+14     	; 0x1276 <RTC_ReadTime+0x138>

	if (time->hours > 23 || time->minutes > 59 || time->seconds > 59 ||
	time->day < 1 || time->day > 31 ||
	time->month < 1 || time->month > 12)
	{
		return 0;
    1268:	c0 e0       	ldi	r28, 0x00	; 0
    126a:	05 c0       	rjmp	.+10     	; 0x1276 <RTC_ReadTime+0x138>
    126c:	c0 e0       	ldi	r28, 0x00	; 0
    126e:	03 c0       	rjmp	.+6      	; 0x1276 <RTC_ReadTime+0x138>
    1270:	c0 e0       	ldi	r28, 0x00	; 0
    1272:	01 c0       	rjmp	.+2      	; 0x1276 <RTC_ReadTime+0x138>
    1274:	c0 e0       	ldi	r28, 0x00	; 0
	}

	return 1;
}
    1276:	8c 2f       	mov	r24, r28
    1278:	df 91       	pop	r29
    127a:	cf 91       	pop	r28
    127c:	1f 91       	pop	r17
    127e:	0f 91       	pop	r16
    1280:	ff 90       	pop	r15
    1282:	ef 90       	pop	r14
    1284:	df 90       	pop	r13
    1286:	cf 90       	pop	r12
    1288:	08 95       	ret

0000128a <RTC_SetTime>:

uint8_t RTC_SetTime(uint8_t hour, uint8_t minute, uint8_t second)
{
    128a:	cf 93       	push	r28
    128c:	df 93       	push	r29
    128e:	d8 2f       	mov	r29, r24
    1290:	c6 2f       	mov	r28, r22
	if (!RTC_WriteRegister(0x00, Decimal_To_BCD(second)))
    1292:	8d ec       	ldi	r24, 0xCD	; 205
    1294:	48 9f       	mul	r20, r24
    1296:	81 2d       	mov	r24, r1
    1298:	11 24       	eor	r1, r1
    129a:	86 95       	lsr	r24
    129c:	86 95       	lsr	r24
    129e:	86 95       	lsr	r24
    12a0:	90 e1       	ldi	r25, 0x10	; 16
    12a2:	89 9f       	mul	r24, r25
    12a4:	b0 01       	movw	r22, r0
    12a6:	11 24       	eor	r1, r1
    12a8:	88 0f       	add	r24, r24
    12aa:	98 2f       	mov	r25, r24
    12ac:	99 0f       	add	r25, r25
    12ae:	99 0f       	add	r25, r25
    12b0:	89 0f       	add	r24, r25
    12b2:	48 1b       	sub	r20, r24
    12b4:	64 2b       	or	r22, r20
    12b6:	80 e0       	ldi	r24, 0x00	; 0
    12b8:	0e 94 1b 08 	call	0x1036	; 0x1036 <RTC_WriteRegister>
    12bc:	98 2f       	mov	r25, r24
    12be:	88 23       	and	r24, r24
    12c0:	89 f1       	breq	.+98     	; 0x1324 <RTC_SetTime+0x9a>
	return 0;

	if (!RTC_WriteRegister(0x01, Decimal_To_BCD(minute)))
    12c2:	8d ec       	ldi	r24, 0xCD	; 205
    12c4:	c8 9f       	mul	r28, r24
    12c6:	81 2d       	mov	r24, r1
    12c8:	11 24       	eor	r1, r1
    12ca:	86 95       	lsr	r24
    12cc:	86 95       	lsr	r24
    12ce:	86 95       	lsr	r24
    12d0:	90 e1       	ldi	r25, 0x10	; 16
    12d2:	89 9f       	mul	r24, r25
    12d4:	b0 01       	movw	r22, r0
    12d6:	11 24       	eor	r1, r1
    12d8:	88 0f       	add	r24, r24
    12da:	98 2f       	mov	r25, r24
    12dc:	99 0f       	add	r25, r25
    12de:	99 0f       	add	r25, r25
    12e0:	89 0f       	add	r24, r25
    12e2:	c8 1b       	sub	r28, r24
    12e4:	6c 2b       	or	r22, r28
    12e6:	81 e0       	ldi	r24, 0x01	; 1
    12e8:	0e 94 1b 08 	call	0x1036	; 0x1036 <RTC_WriteRegister>
    12ec:	98 2f       	mov	r25, r24
    12ee:	88 23       	and	r24, r24
    12f0:	c9 f0       	breq	.+50     	; 0x1324 <RTC_SetTime+0x9a>
	return 0;

	if (!RTC_WriteRegister(0x02, Decimal_To_BCD(hour)))
    12f2:	8d ec       	ldi	r24, 0xCD	; 205
    12f4:	d8 9f       	mul	r29, r24
    12f6:	81 2d       	mov	r24, r1
    12f8:	11 24       	eor	r1, r1
    12fa:	86 95       	lsr	r24
    12fc:	86 95       	lsr	r24
    12fe:	86 95       	lsr	r24
    1300:	90 e1       	ldi	r25, 0x10	; 16
    1302:	89 9f       	mul	r24, r25
    1304:	b0 01       	movw	r22, r0
    1306:	11 24       	eor	r1, r1
    1308:	88 0f       	add	r24, r24
    130a:	98 2f       	mov	r25, r24
    130c:	99 0f       	add	r25, r25
    130e:	99 0f       	add	r25, r25
    1310:	89 0f       	add	r24, r25
    1312:	d8 1b       	sub	r29, r24
    1314:	6d 2b       	or	r22, r29
    1316:	82 e0       	ldi	r24, 0x02	; 2
    1318:	0e 94 1b 08 	call	0x1036	; 0x1036 <RTC_WriteRegister>
}

uint8_t RTC_SetTime(uint8_t hour, uint8_t minute, uint8_t second)
{
	if (!RTC_WriteRegister(0x00, Decimal_To_BCD(second)))
	return 0;
    131c:	91 e0       	ldi	r25, 0x01	; 1
    131e:	81 11       	cpse	r24, r1
    1320:	01 c0       	rjmp	.+2      	; 0x1324 <RTC_SetTime+0x9a>
    1322:	90 e0       	ldi	r25, 0x00	; 0

	if (!RTC_WriteRegister(0x02, Decimal_To_BCD(hour)))
	return 0;

	return 1;
}
    1324:	89 2f       	mov	r24, r25
    1326:	df 91       	pop	r29
    1328:	cf 91       	pop	r28
    132a:	08 95       	ret

0000132c <RTC_SetDate>:

uint8_t RTC_SetDate(uint8_t day, uint8_t month, uint8_t year)
{
    132c:	1f 93       	push	r17
    132e:	cf 93       	push	r28
    1330:	df 93       	push	r29
    1332:	c8 2f       	mov	r28, r24
    1334:	d6 2f       	mov	r29, r22
    1336:	14 2f       	mov	r17, r20
	if (!RTC_WriteRegister(0x03, 1))
    1338:	61 e0       	ldi	r22, 0x01	; 1
    133a:	83 e0       	ldi	r24, 0x03	; 3
    133c:	0e 94 1b 08 	call	0x1036	; 0x1036 <RTC_WriteRegister>
    1340:	98 2f       	mov	r25, r24
    1342:	88 23       	and	r24, r24
    1344:	09 f4       	brne	.+2      	; 0x1348 <RTC_SetDate+0x1c>
    1346:	49 c0       	rjmp	.+146    	; 0x13da <RTC_SetDate+0xae>
	return 0;

	if (!RTC_WriteRegister(0x04, Decimal_To_BCD(day)))
    1348:	8d ec       	ldi	r24, 0xCD	; 205
    134a:	c8 9f       	mul	r28, r24
    134c:	81 2d       	mov	r24, r1
    134e:	11 24       	eor	r1, r1
    1350:	86 95       	lsr	r24
    1352:	86 95       	lsr	r24
    1354:	86 95       	lsr	r24
    1356:	90 e1       	ldi	r25, 0x10	; 16
    1358:	89 9f       	mul	r24, r25
    135a:	b0 01       	movw	r22, r0
    135c:	11 24       	eor	r1, r1
    135e:	88 0f       	add	r24, r24
    1360:	98 2f       	mov	r25, r24
    1362:	99 0f       	add	r25, r25
    1364:	99 0f       	add	r25, r25
    1366:	89 0f       	add	r24, r25
    1368:	c8 1b       	sub	r28, r24
    136a:	6c 2b       	or	r22, r28
    136c:	84 e0       	ldi	r24, 0x04	; 4
    136e:	0e 94 1b 08 	call	0x1036	; 0x1036 <RTC_WriteRegister>
    1372:	98 2f       	mov	r25, r24
    1374:	88 23       	and	r24, r24
    1376:	89 f1       	breq	.+98     	; 0x13da <RTC_SetDate+0xae>
	return 0;

	if (!RTC_WriteRegister(0x05, Decimal_To_BCD(month)))
    1378:	8d ec       	ldi	r24, 0xCD	; 205
    137a:	d8 9f       	mul	r29, r24
    137c:	81 2d       	mov	r24, r1
    137e:	11 24       	eor	r1, r1
    1380:	86 95       	lsr	r24
    1382:	86 95       	lsr	r24
    1384:	86 95       	lsr	r24
    1386:	90 e1       	ldi	r25, 0x10	; 16
    1388:	89 9f       	mul	r24, r25
    138a:	b0 01       	movw	r22, r0
    138c:	11 24       	eor	r1, r1
    138e:	88 0f       	add	r24, r24
    1390:	98 2f       	mov	r25, r24
    1392:	99 0f       	add	r25, r25
    1394:	99 0f       	add	r25, r25
    1396:	89 0f       	add	r24, r25
    1398:	d8 1b       	sub	r29, r24
    139a:	6d 2b       	or	r22, r29
    139c:	85 e0       	ldi	r24, 0x05	; 5
    139e:	0e 94 1b 08 	call	0x1036	; 0x1036 <RTC_WriteRegister>
    13a2:	98 2f       	mov	r25, r24
    13a4:	88 23       	and	r24, r24
    13a6:	c9 f0       	breq	.+50     	; 0x13da <RTC_SetDate+0xae>
	return 0;

	if (!RTC_WriteRegister(0x06, Decimal_To_BCD(year)))
    13a8:	8d ec       	ldi	r24, 0xCD	; 205
    13aa:	18 9f       	mul	r17, r24
    13ac:	81 2d       	mov	r24, r1
    13ae:	11 24       	eor	r1, r1
    13b0:	86 95       	lsr	r24
    13b2:	86 95       	lsr	r24
    13b4:	86 95       	lsr	r24
    13b6:	90 e1       	ldi	r25, 0x10	; 16
    13b8:	89 9f       	mul	r24, r25
    13ba:	b0 01       	movw	r22, r0
    13bc:	11 24       	eor	r1, r1
    13be:	88 0f       	add	r24, r24
    13c0:	98 2f       	mov	r25, r24
    13c2:	99 0f       	add	r25, r25
    13c4:	99 0f       	add	r25, r25
    13c6:	89 0f       	add	r24, r25
    13c8:	18 1b       	sub	r17, r24
    13ca:	61 2b       	or	r22, r17
    13cc:	86 e0       	ldi	r24, 0x06	; 6
    13ce:	0e 94 1b 08 	call	0x1036	; 0x1036 <RTC_WriteRegister>
}

uint8_t RTC_SetDate(uint8_t day, uint8_t month, uint8_t year)
{
	if (!RTC_WriteRegister(0x03, 1))
	return 0;
    13d2:	91 e0       	ldi	r25, 0x01	; 1
    13d4:	81 11       	cpse	r24, r1
    13d6:	01 c0       	rjmp	.+2      	; 0x13da <RTC_SetDate+0xae>
    13d8:	90 e0       	ldi	r25, 0x00	; 0

	if (!RTC_WriteRegister(0x06, Decimal_To_BCD(year)))
	return 0;

	return 1;
}
    13da:	89 2f       	mov	r24, r25
    13dc:	df 91       	pop	r29
    13de:	cf 91       	pop	r28
    13e0:	1f 91       	pop	r17
    13e2:	08 95       	ret

000013e4 <RTC_Update>:

uint8_t RTC_Update(void)
{
    13e4:	cf 93       	push	r28
    13e6:	df 93       	push	r29
    13e8:	00 d0       	rcall	.+0      	; 0x13ea <RTC_Update+0x6>
    13ea:	00 d0       	rcall	.+0      	; 0x13ec <RTC_Update+0x8>
    13ec:	00 d0       	rcall	.+0      	; 0x13ee <RTC_Update+0xa>
    13ee:	cd b7       	in	r28, 0x3d	; 61
    13f0:	de b7       	in	r29, 0x3e	; 62
	RTC_Time temp;

	if (!RTC_ReadTime(&temp))
    13f2:	ce 01       	movw	r24, r28
    13f4:	01 96       	adiw	r24, 0x01	; 1
    13f6:	0e 94 9f 08 	call	0x113e	; 0x113e <RTC_ReadTime>
    13fa:	81 11       	cpse	r24, r1
    13fc:	04 c0       	rjmp	.+8      	; 0x1406 <RTC_Update+0x22>
	{
		rtc_error = 1;
    13fe:	91 e0       	ldi	r25, 0x01	; 1
    1400:	90 93 d3 01 	sts	0x01D3, r25	; 0x8001d3 <rtc_error>
		return 0;
    1404:	0c c0       	rjmp	.+24     	; 0x141e <RTC_Update+0x3a>
	}

	rtc = temp;
    1406:	86 e0       	ldi	r24, 0x06	; 6
    1408:	fe 01       	movw	r30, r28
    140a:	31 96       	adiw	r30, 0x01	; 1
    140c:	a7 ee       	ldi	r26, 0xE7	; 231
    140e:	b1 e0       	ldi	r27, 0x01	; 1
    1410:	01 90       	ld	r0, Z+
    1412:	0d 92       	st	X+, r0
    1414:	8a 95       	dec	r24
    1416:	e1 f7       	brne	.-8      	; 0x1410 <RTC_Update+0x2c>
	rtc_error = 0;
    1418:	10 92 d3 01 	sts	0x01D3, r1	; 0x8001d3 <rtc_error>
	return 1;
    141c:	81 e0       	ldi	r24, 0x01	; 1
}
    141e:	26 96       	adiw	r28, 0x06	; 6
    1420:	0f b6       	in	r0, 0x3f	; 63
    1422:	f8 94       	cli
    1424:	de bf       	out	0x3e, r29	; 62
    1426:	0f be       	out	0x3f, r0	; 63
    1428:	cd bf       	out	0x3d, r28	; 61
    142a:	df 91       	pop	r29
    142c:	cf 91       	pop	r28
    142e:	08 95       	ret

00001430 <Traffic_AllOff>:
	night_state_start = 0;
}

void Traffic_AllOff(void)
{
	PORTD &= (uint8_t)~(
    1430:	8b b1       	in	r24, 0x0b	; 11
    1432:	87 70       	andi	r24, 0x07	; 7
    1434:	8b b9       	out	0x0b, r24	; 11
    1436:	08 95       	ret

00001438 <Traffic_Stage1>:
	);
}

void Traffic_Stage1(void)
{
	Traffic_AllOff();
    1438:	0e 94 18 0a 	call	0x1430	; 0x1430 <Traffic_AllOff>
	PORTD |= (1 << CAR_GREEN) | (1 << PED_RED);
    143c:	8b b1       	in	r24, 0x0b	; 11
    143e:	80 66       	ori	r24, 0x60	; 96
    1440:	8b b9       	out	0x0b, r24	; 11
    1442:	08 95       	ret

00001444 <Traffic_Stage2>:
}

void Traffic_Stage2(void)
{
	Traffic_AllOff();
    1444:	0e 94 18 0a 	call	0x1430	; 0x1430 <Traffic_AllOff>
	PORTD |= (1 << CAR_YELLOW) | (1 << PED_RED);
    1448:	8b b1       	in	r24, 0x0b	; 11
    144a:	80 65       	ori	r24, 0x50	; 80
    144c:	8b b9       	out	0x0b, r24	; 11
    144e:	08 95       	ret

00001450 <Traffic_Stage3>:
}

void Traffic_Stage3(void)
{
	Traffic_AllOff();
    1450:	0e 94 18 0a 	call	0x1430	; 0x1430 <Traffic_AllOff>
	PORTD |= (1 << CAR_RED) | (1 << PED_GREEN);
    1454:	8b b1       	in	r24, 0x0b	; 11
    1456:	88 68       	ori	r24, 0x88	; 136
    1458:	8b b9       	out	0x0b, r24	; 11
    145a:	08 95       	ret

0000145c <Traffic_Stage4>:
}

void Traffic_Stage4(void)
{
	Traffic_AllOff();
    145c:	0e 94 18 0a 	call	0x1430	; 0x1430 <Traffic_AllOff>
	PORTD |= (1 << CAR_YELLOW) | (1 << PED_RED);
    1460:	8b b1       	in	r24, 0x0b	; 11
    1462:	80 65       	ori	r24, 0x50	; 80
    1464:	8b b9       	out	0x0b, r24	; 11
    1466:	08 95       	ret

00001468 <Traffic_Night>:
}

void Traffic_Night(uint8_t yellow_on)
{
    1468:	cf 93       	push	r28
    146a:	c8 2f       	mov	r28, r24
	Traffic_AllOff();
    146c:	0e 94 18 0a 	call	0x1430	; 0x1430 <Traffic_AllOff>

	if (yellow_on)
    1470:	c1 11       	cpse	r28, r1
	PORTD |= (1 << CAR_YELLOW);
    1472:	5c 9a       	sbi	0x0b, 4	; 11
}
    1474:	cf 91       	pop	r28
    1476:	08 95       	ret

00001478 <Set_Mode>:

#include <avr/io.h>

static void Reset_Mode_State(void)
{
	pedestrian_request = 0;
    1478:	10 92 dd 01 	sts	0x01DD, r1	; 0x8001dd <pedestrian_request>
	pedestrian_request_time = 0;
    147c:	10 92 d9 01 	sts	0x01D9, r1	; 0x8001d9 <pedestrian_request_time>
    1480:	10 92 da 01 	sts	0x01DA, r1	; 0x8001da <pedestrian_request_time+0x1>
    1484:	10 92 db 01 	sts	0x01DB, r1	; 0x8001db <pedestrian_request_time+0x2>
    1488:	10 92 dc 01 	sts	0x01DC, r1	; 0x8001dc <pedestrian_request_time+0x3>
	auto_state_initialized = 0;
    148c:	10 92 d4 01 	sts	0x01D4, r1	; 0x8001d4 <auto_state_initialized>
	night_state_initialized = 0;
    1490:	10 92 df 01 	sts	0x01DF, r1	; 0x8001df <night_state_initialized>
	night_led_on = 0;
    1494:	10 92 e4 01 	sts	0x01E4, r1	; 0x8001e4 <night_led_on>
	stage_start_time = 0;
    1498:	10 92 d5 01 	sts	0x01D5, r1	; 0x8001d5 <stage_start_time>
    149c:	10 92 d6 01 	sts	0x01D6, r1	; 0x8001d6 <stage_start_time+0x1>
    14a0:	10 92 d7 01 	sts	0x01D7, r1	; 0x8001d7 <stage_start_time+0x2>
    14a4:	10 92 d8 01 	sts	0x01D8, r1	; 0x8001d8 <stage_start_time+0x3>
	night_state_start = 0;
    14a8:	10 92 e0 01 	sts	0x01E0, r1	; 0x8001e0 <night_state_start>
    14ac:	10 92 e1 01 	sts	0x01E1, r1	; 0x8001e1 <night_state_start+0x1>
    14b0:	10 92 e2 01 	sts	0x01E2, r1	; 0x8001e2 <night_state_start+0x2>
    14b4:	10 92 e3 01 	sts	0x01E3, r1	; 0x8001e3 <night_state_start+0x3>
}

void Set_Mode(TrafficMode mode)
{
	Reset_Mode_State();
	current_mode = mode;
    14b8:	80 93 d2 01 	sts	0x01D2, r24	; 0x8001d2 <current_mode>

	current_stage = STAGE_1;
    14bc:	10 92 de 01 	sts	0x01DE, r1	; 0x8001de <current_stage>

	switch (current_mode)
    14c0:	81 30       	cpi	r24, 0x01	; 1
    14c2:	59 f0       	breq	.+22     	; 0x14da <Set_Mode+0x62>
    14c4:	28 f0       	brcs	.+10     	; 0x14d0 <Set_Mode+0x58>
    14c6:	82 30       	cpi	r24, 0x02	; 2
    14c8:	89 f0       	breq	.+34     	; 0x14ec <Set_Mode+0x74>
    14ca:	83 30       	cpi	r24, 0x03	; 3
    14cc:	a1 f0       	breq	.+40     	; 0x14f6 <Set_Mode+0x7e>
    14ce:	18 c0       	rjmp	.+48     	; 0x1500 <Set_Mode+0x88>
	{
		case MODE_OFF:
		Traffic_AllOff();
    14d0:	0e 94 18 0a 	call	0x1430	; 0x1430 <Traffic_AllOff>
		Display_Off();
    14d4:	0e 94 60 05 	call	0xac0	; 0xac0 <Display_Off>
		break;
    14d8:	08 95       	ret

		case MODE_AUTO:
		Traffic_Stage1();
    14da:	0e 94 1c 0a 	call	0x1438	; 0x1438 <Traffic_Stage1>
		Display_SetNumber(auto_stage_time[0]);
    14de:	80 91 06 01 	lds	r24, 0x0106	; 0x800106 <auto_stage_time>
    14e2:	90 91 07 01 	lds	r25, 0x0107	; 0x800107 <auto_stage_time+0x1>
    14e6:	0e 94 70 05 	call	0xae0	; 0xae0 <Display_SetNumber>
		break;
    14ea:	08 95       	ret
	PORTD |= (1 << CAR_YELLOW) | (1 << PED_RED);
}

void Traffic_Night(uint8_t yellow_on)
{
	Traffic_AllOff();
    14ec:	0e 94 18 0a 	call	0x1430	; 0x1430 <Traffic_AllOff>
		Display_SetNumber(auto_stage_time[0]);
		break;

		case MODE_NIGHT:
		Traffic_Night(0);
		Display_Off();
    14f0:	0e 94 60 05 	call	0xac0	; 0xac0 <Display_Off>
		break;
    14f4:	08 95       	ret

		case MODE_AUTO_NIGHT:
		Traffic_AllOff();
    14f6:	0e 94 18 0a 	call	0x1430	; 0x1430 <Traffic_AllOff>
		Display_Off();
    14fa:	0e 94 60 05 	call	0xac0	; 0xac0 <Display_Off>
		break;
    14fe:	08 95       	ret

		default:
		Traffic_AllOff();
    1500:	0e 94 18 0a 	call	0x1430	; 0x1430 <Traffic_AllOff>
		Display_Off();
    1504:	0e 94 60 05 	call	0xac0	; 0xac0 <Display_Off>
    1508:	08 95       	ret

0000150a <Auto_EnterStage>:
{
	uint8_t attempts;

	for (attempts = 0; attempts < 4; attempts++)
	{
		if (auto_stage_time[stage] != 0)
    150a:	28 2f       	mov	r18, r24
    150c:	30 e0       	ldi	r19, 0x00	; 0
    150e:	f9 01       	movw	r30, r18
    1510:	ee 0f       	add	r30, r30
    1512:	ff 1f       	adc	r31, r31
    1514:	ea 5f       	subi	r30, 0xFA	; 250
    1516:	fe 4f       	sbci	r31, 0xFE	; 254
    1518:	01 90       	ld	r0, Z+
    151a:	f0 81       	ld	r31, Z
    151c:	e0 2d       	mov	r30, r0
    151e:	ef 2b       	or	r30, r31
    1520:	09 f4       	brne	.+2      	; 0x1524 <Auto_EnterStage+0x1a>
    1522:	60 c0       	rjmp	.+192    	; 0x15e4 <Auto_EnterStage+0xda>
    1524:	27 c0       	rjmp	.+78     	; 0x1574 <Auto_EnterStage+0x6a>
    1526:	28 2f       	mov	r18, r24
    1528:	30 e0       	ldi	r19, 0x00	; 0
    152a:	f9 01       	movw	r30, r18
    152c:	ee 0f       	add	r30, r30
    152e:	ff 1f       	adc	r31, r31
    1530:	ea 5f       	subi	r30, 0xFA	; 250
    1532:	fe 4f       	sbci	r31, 0xFE	; 254
    1534:	01 90       	ld	r0, Z+
    1536:	f0 81       	ld	r31, Z
    1538:	e0 2d       	mov	r30, r0
    153a:	ef 2b       	or	r30, r31
    153c:	d9 f4       	brne	.+54     	; 0x1574 <Auto_EnterStage+0x6a>
		break;

		stage = (AutoStage)(((uint8_t)stage + 1) % 4);
    153e:	c9 01       	movw	r24, r18
    1540:	01 96       	adiw	r24, 0x01	; 1
    1542:	83 70       	andi	r24, 0x03	; 3
    1544:	90 78       	andi	r25, 0x80	; 128
    1546:	99 23       	and	r25, r25
    1548:	24 f4       	brge	.+8      	; 0x1552 <Auto_EnterStage+0x48>
    154a:	01 97       	sbiw	r24, 0x01	; 1
    154c:	8c 6f       	ori	r24, 0xFC	; 252
    154e:	9f 6f       	ori	r25, 0xFF	; 255
    1550:	01 96       	adiw	r24, 0x01	; 1
    1552:	a1 50       	subi	r26, 0x01	; 1

void Auto_EnterStage(AutoStage stage, uint32_t now)
{
	uint8_t attempts;

	for (attempts = 0; attempts < 4; attempts++)
    1554:	41 f7       	brne	.-48     	; 0x1526 <Auto_EnterStage+0x1c>
		break;

		stage = (AutoStage)(((uint8_t)stage + 1) % 4);
	}

	if (auto_stage_time[stage] == 0)
    1556:	fc 01       	movw	r30, r24
    1558:	ff 27       	eor	r31, r31
    155a:	ee 0f       	add	r30, r30
    155c:	ff 1f       	adc	r31, r31
    155e:	ea 5f       	subi	r30, 0xFA	; 250
    1560:	fe 4f       	sbci	r31, 0xFE	; 254
    1562:	20 81       	ld	r18, Z
    1564:	31 81       	ldd	r19, Z+1	; 0x01
    1566:	23 2b       	or	r18, r19
    1568:	29 f4       	brne	.+10     	; 0x1574 <Auto_EnterStage+0x6a>
	{
		Traffic_AllOff();
    156a:	0e 94 18 0a 	call	0x1430	; 0x1430 <Traffic_AllOff>
		Display_Off();
    156e:	0e 94 60 05 	call	0xac0	; 0xac0 <Display_Off>
		return;
    1572:	08 95       	ret
	}

	current_stage = stage;
    1574:	80 93 de 01 	sts	0x01DE, r24	; 0x8001de <current_stage>
	stage_start_time = now;
    1578:	40 93 d5 01 	sts	0x01D5, r20	; 0x8001d5 <stage_start_time>
    157c:	50 93 d6 01 	sts	0x01D6, r21	; 0x8001d6 <stage_start_time+0x1>
    1580:	60 93 d7 01 	sts	0x01D7, r22	; 0x8001d7 <stage_start_time+0x2>
    1584:	70 93 d8 01 	sts	0x01D8, r23	; 0x8001d8 <stage_start_time+0x3>
	pedestrian_request = 0;
    1588:	10 92 dd 01 	sts	0x01DD, r1	; 0x8001dd <pedestrian_request>

	switch (stage)
    158c:	81 30       	cpi	r24, 0x01	; 1
    158e:	79 f0       	breq	.+30     	; 0x15ae <Auto_EnterStage+0xa4>
    1590:	28 f0       	brcs	.+10     	; 0x159c <Auto_EnterStage+0x92>
    1592:	82 30       	cpi	r24, 0x02	; 2
    1594:	a9 f0       	breq	.+42     	; 0x15c0 <Auto_EnterStage+0xb6>
    1596:	83 30       	cpi	r24, 0x03	; 3
    1598:	e1 f0       	breq	.+56     	; 0x15d2 <Auto_EnterStage+0xc8>
    159a:	08 95       	ret
	{
		case STAGE_1:
		Traffic_Stage1();
    159c:	0e 94 1c 0a 	call	0x1438	; 0x1438 <Traffic_Stage1>
		Display_SetNumber(auto_stage_time[0]);
    15a0:	80 91 06 01 	lds	r24, 0x0106	; 0x800106 <auto_stage_time>
    15a4:	90 91 07 01 	lds	r25, 0x0107	; 0x800107 <auto_stage_time+0x1>
    15a8:	0e 94 70 05 	call	0xae0	; 0xae0 <Display_SetNumber>
		break;
    15ac:	08 95       	ret

		case STAGE_2:
		Traffic_Stage2();
    15ae:	0e 94 22 0a 	call	0x1444	; 0x1444 <Traffic_Stage2>
		Display_SetNumber(auto_stage_time[1]);
    15b2:	80 91 08 01 	lds	r24, 0x0108	; 0x800108 <auto_stage_time+0x2>
    15b6:	90 91 09 01 	lds	r25, 0x0109	; 0x800109 <auto_stage_time+0x3>
    15ba:	0e 94 70 05 	call	0xae0	; 0xae0 <Display_SetNumber>
		break;
    15be:	08 95       	ret

		case STAGE_3:
		Traffic_Stage3();
    15c0:	0e 94 28 0a 	call	0x1450	; 0x1450 <Traffic_Stage3>
		Display_SetNumber(auto_stage_time[2]);
    15c4:	80 91 0a 01 	lds	r24, 0x010A	; 0x80010a <auto_stage_time+0x4>
    15c8:	90 91 0b 01 	lds	r25, 0x010B	; 0x80010b <auto_stage_time+0x5>
    15cc:	0e 94 70 05 	call	0xae0	; 0xae0 <Display_SetNumber>
		break;
    15d0:	08 95       	ret

		case STAGE_4:
		Traffic_Stage4();
    15d2:	0e 94 2e 0a 	call	0x145c	; 0x145c <Traffic_Stage4>
		Display_SetNumber(auto_stage_time[3]);
    15d6:	80 91 0c 01 	lds	r24, 0x010C	; 0x80010c <auto_stage_time+0x6>
    15da:	90 91 0d 01 	lds	r25, 0x010D	; 0x80010d <auto_stage_time+0x7>
    15de:	0e 94 70 05 	call	0xae0	; 0xae0 <Display_SetNumber>
		break;
    15e2:	08 95       	ret
	for (attempts = 0; attempts < 4; attempts++)
	{
		if (auto_stage_time[stage] != 0)
		break;

		stage = (AutoStage)(((uint8_t)stage + 1) % 4);
    15e4:	c9 01       	movw	r24, r18
    15e6:	01 96       	adiw	r24, 0x01	; 1
    15e8:	83 70       	andi	r24, 0x03	; 3
    15ea:	90 78       	andi	r25, 0x80	; 128
    15ec:	99 23       	and	r25, r25
    15ee:	24 f4       	brge	.+8      	; 0x15f8 <Auto_EnterStage+0xee>
    15f0:	01 97       	sbiw	r24, 0x01	; 1
    15f2:	8c 6f       	ori	r24, 0xFC	; 252
    15f4:	9f 6f       	ori	r25, 0xFF	; 255
    15f6:	01 96       	adiw	r24, 0x01	; 1
    15f8:	a3 e0       	ldi	r26, 0x03	; 3
    15fa:	95 cf       	rjmp	.-214    	; 0x1526 <Auto_EnterStage+0x1c>

000015fc <Auto_Initialize>:
		break;
	}
}

void Auto_Initialize(uint32_t now)
{
    15fc:	ab 01       	movw	r20, r22
    15fe:	bc 01       	movw	r22, r24
{
	uint8_t i;

	for (i = 0; i < 4; i++)
	{
		if (auto_stage_time[i] != 0)
    1600:	80 91 06 01 	lds	r24, 0x0106	; 0x800106 <auto_stage_time>
    1604:	90 91 07 01 	lds	r25, 0x0107	; 0x800107 <auto_stage_time+0x1>
    1608:	89 2b       	or	r24, r25
    160a:	c1 f4       	brne	.+48     	; 0x163c <Auto_Initialize+0x40>
    160c:	80 91 08 01 	lds	r24, 0x0108	; 0x800108 <auto_stage_time+0x2>
    1610:	90 91 09 01 	lds	r25, 0x0109	; 0x800109 <auto_stage_time+0x3>
    1614:	89 2b       	or	r24, r25
    1616:	71 f4       	brne	.+28     	; 0x1634 <Auto_Initialize+0x38>
    1618:	80 91 0a 01 	lds	r24, 0x010A	; 0x80010a <auto_stage_time+0x4>
    161c:	90 91 0b 01 	lds	r25, 0x010B	; 0x80010b <auto_stage_time+0x5>
    1620:	89 2b       	or	r24, r25
    1622:	51 f4       	brne	.+20     	; 0x1638 <Auto_Initialize+0x3c>
    1624:	80 91 0c 01 	lds	r24, 0x010C	; 0x80010c <auto_stage_time+0x6>
    1628:	90 91 0d 01 	lds	r25, 0x010D	; 0x80010d <auto_stage_time+0x7>
    162c:	89 2b       	or	r24, r25
    162e:	41 f0       	breq	.+16     	; 0x1640 <Auto_Initialize+0x44>

static AutoStage Auto_FirstActiveStage(void)
{
	uint8_t i;

	for (i = 0; i < 4; i++)
    1630:	83 e0       	ldi	r24, 0x03	; 3
    1632:	07 c0       	rjmp	.+14     	; 0x1642 <Auto_Initialize+0x46>
    1634:	81 e0       	ldi	r24, 0x01	; 1
    1636:	05 c0       	rjmp	.+10     	; 0x1642 <Auto_Initialize+0x46>
    1638:	82 e0       	ldi	r24, 0x02	; 2
    163a:	03 c0       	rjmp	.+6      	; 0x1642 <Auto_Initialize+0x46>
    163c:	80 e0       	ldi	r24, 0x00	; 0
    163e:	01 c0       	rjmp	.+2      	; 0x1642 <Auto_Initialize+0x46>
	{
		if (auto_stage_time[i] != 0)
		return (AutoStage)i;
	}

	return STAGE_1;
    1640:	80 e0       	ldi	r24, 0x00	; 0

void Auto_Initialize(uint32_t now)
{
	AutoStage first_stage = Auto_FirstActiveStage();

	current_stage = first_stage;
    1642:	80 93 de 01 	sts	0x01DE, r24	; 0x8001de <current_stage>
	stage_start_time = now;
    1646:	40 93 d5 01 	sts	0x01D5, r20	; 0x8001d5 <stage_start_time>
    164a:	50 93 d6 01 	sts	0x01D6, r21	; 0x8001d6 <stage_start_time+0x1>
    164e:	60 93 d7 01 	sts	0x01D7, r22	; 0x8001d7 <stage_start_time+0x2>
    1652:	70 93 d8 01 	sts	0x01D8, r23	; 0x8001d8 <stage_start_time+0x3>
	pedestrian_request = 0;
    1656:	10 92 dd 01 	sts	0x01DD, r1	; 0x8001dd <pedestrian_request>
	pedestrian_request_time = 0;
    165a:	10 92 d9 01 	sts	0x01D9, r1	; 0x8001d9 <pedestrian_request_time>
    165e:	10 92 da 01 	sts	0x01DA, r1	; 0x8001da <pedestrian_request_time+0x1>
    1662:	10 92 db 01 	sts	0x01DB, r1	; 0x8001db <pedestrian_request_time+0x2>
    1666:	10 92 dc 01 	sts	0x01DC, r1	; 0x8001dc <pedestrian_request_time+0x3>
	auto_state_initialized = 1;
    166a:	91 e0       	ldi	r25, 0x01	; 1
    166c:	90 93 d4 01 	sts	0x01D4, r25	; 0x8001d4 <auto_state_initialized>

	Auto_EnterStage(first_stage, now);
    1670:	0e 94 85 0a 	call	0x150a	; 0x150a <Auto_EnterStage>
    1674:	08 95       	ret

00001676 <Process_Auto>:
}

void Process_Auto(void)
{
    1676:	8f 92       	push	r8
    1678:	9f 92       	push	r9
    167a:	af 92       	push	r10
    167c:	bf 92       	push	r11
    167e:	cf 92       	push	r12
    1680:	df 92       	push	r13
    1682:	ef 92       	push	r14
    1684:	ff 92       	push	r15
	uint32_t elapsed;
	uint32_t remaining;
	uint16_t duration;
	AutoStage next_stage;

	now = RTC_GetSecondsFromMidnight(&rtc);
    1686:	87 ee       	ldi	r24, 0xE7	; 231
    1688:	91 e0       	ldi	r25, 0x01	; 1
    168a:	0e 94 63 08 	call	0x10c6	; 0x10c6 <RTC_GetSecondsFromMidnight>
    168e:	6b 01       	movw	r12, r22
    1690:	7c 01       	movw	r14, r24

	if (!auto_state_initialized)
    1692:	80 91 d4 01 	lds	r24, 0x01D4	; 0x8001d4 <auto_state_initialized>
    1696:	81 11       	cpse	r24, r1
    1698:	05 c0       	rjmp	.+10     	; 0x16a4 <Process_Auto+0x2e>
	{
		Auto_Initialize(now);
    169a:	c7 01       	movw	r24, r14
    169c:	b6 01       	movw	r22, r12
    169e:	0e 94 fe 0a 	call	0x15fc	; 0x15fc <Auto_Initialize>
		return;
    16a2:	93 c0       	rjmp	.+294    	; 0x17ca <Process_Auto+0x154>
	}

	elapsed = Seconds_Difference(now, stage_start_time);
    16a4:	20 91 d5 01 	lds	r18, 0x01D5	; 0x8001d5 <stage_start_time>
    16a8:	30 91 d6 01 	lds	r19, 0x01D6	; 0x8001d6 <stage_start_time+0x1>
    16ac:	40 91 d7 01 	lds	r20, 0x01D7	; 0x8001d7 <stage_start_time+0x2>
    16b0:	50 91 d8 01 	lds	r21, 0x01D8	; 0x8001d8 <stage_start_time+0x3>
    16b4:	c7 01       	movw	r24, r14
    16b6:	b6 01       	movw	r22, r12
    16b8:	0e 94 88 08 	call	0x1110	; 0x1110 <Seconds_Difference>
	duration = auto_stage_time[current_stage];
    16bc:	40 91 de 01 	lds	r20, 0x01DE	; 0x8001de <current_stage>
    16c0:	24 2f       	mov	r18, r20
    16c2:	30 e0       	ldi	r19, 0x00	; 0
    16c4:	f9 01       	movw	r30, r18
    16c6:	ee 0f       	add	r30, r30
    16c8:	ff 1f       	adc	r31, r31
    16ca:	ea 5f       	subi	r30, 0xFA	; 250
    16cc:	fe 4f       	sbci	r31, 0xFE	; 254
    16ce:	01 90       	ld	r0, Z+
    16d0:	f0 81       	ld	r31, Z
    16d2:	e0 2d       	mov	r30, r0

	if (current_stage == STAGE_1 && pedestrian_request)
    16d4:	41 11       	cpse	r20, r1
    16d6:	67 c0       	rjmp	.+206    	; 0x17a6 <Process_Auto+0x130>
    16d8:	50 91 dd 01 	lds	r21, 0x01DD	; 0x8001dd <pedestrian_request>
    16dc:	55 23       	and	r21, r21
    16de:	09 f4       	brne	.+2      	; 0x16e2 <Process_Auto+0x6c>
    16e0:	62 c0       	rjmp	.+196    	; 0x17a6 <Process_Auto+0x130>
	{
		uint32_t request_elapsed;

		request_elapsed =
    16e2:	20 91 d9 01 	lds	r18, 0x01D9	; 0x8001d9 <pedestrian_request_time>
    16e6:	30 91 da 01 	lds	r19, 0x01DA	; 0x8001da <pedestrian_request_time+0x1>
    16ea:	40 91 db 01 	lds	r20, 0x01DB	; 0x8001db <pedestrian_request_time+0x2>
    16ee:	50 91 dc 01 	lds	r21, 0x01DC	; 0x8001dc <pedestrian_request_time+0x3>
    16f2:	c7 01       	movw	r24, r14
    16f4:	b6 01       	movw	r22, r12
    16f6:	0e 94 88 08 	call	0x1110	; 0x1110 <Seconds_Difference>
		Seconds_Difference(now, pedestrian_request_time);

		if (request_elapsed >= PEDESTRIAN_DELAY_SEC)
    16fa:	65 30       	cpi	r22, 0x05	; 5
    16fc:	71 05       	cpc	r23, r1
    16fe:	81 05       	cpc	r24, r1
    1700:	91 05       	cpc	r25, r1
    1702:	40 f0       	brcs	.+16     	; 0x1714 <Process_Auto+0x9e>
		{
			pedestrian_request = 0;
    1704:	10 92 dd 01 	sts	0x01DD, r1	; 0x8001dd <pedestrian_request>
			Auto_EnterStage(STAGE_2, now);
    1708:	b7 01       	movw	r22, r14
    170a:	a6 01       	movw	r20, r12
    170c:	81 e0       	ldi	r24, 0x01	; 1
    170e:	0e 94 85 0a 	call	0x150a	; 0x150a <Auto_EnterStage>
			return;
    1712:	5b c0       	rjmp	.+182    	; 0x17ca <Process_Auto+0x154>
		}

		Display_SetNumber(
    1714:	25 e0       	ldi	r18, 0x05	; 5
    1716:	30 e0       	ldi	r19, 0x00	; 0
    1718:	c9 01       	movw	r24, r18
    171a:	86 1b       	sub	r24, r22
    171c:	97 0b       	sbc	r25, r23
    171e:	0e 94 70 05 	call	0xae0	; 0xae0 <Display_SetNumber>
		(uint16_t)(PEDESTRIAN_DELAY_SEC - request_elapsed)
		);

		return;
    1722:	53 c0       	rjmp	.+166    	; 0x17ca <Process_Auto+0x154>
	uint8_t step;
	uint8_t index;

	for (step = 1; step <= 4; step++)
	{
		index = ((uint8_t)current + step) % 4;
    1724:	9d 01       	movw	r18, r26
    1726:	23 70       	andi	r18, 0x03	; 3
    1728:	30 78       	andi	r19, 0x80	; 128
    172a:	33 23       	and	r19, r19
    172c:	34 f4       	brge	.+12     	; 0x173a <Process_Auto+0xc4>
    172e:	21 50       	subi	r18, 0x01	; 1
    1730:	31 09       	sbc	r19, r1
    1732:	2c 6f       	ori	r18, 0xFC	; 252
    1734:	3f 6f       	ori	r19, 0xFF	; 255
    1736:	2f 5f       	subi	r18, 0xFF	; 255
    1738:	3f 4f       	sbci	r19, 0xFF	; 255
    173a:	82 2f       	mov	r24, r18

		if (auto_stage_time[index] != 0)
    173c:	f9 01       	movw	r30, r18
    173e:	ff 27       	eor	r31, r31
    1740:	ee 0f       	add	r30, r30
    1742:	ff 1f       	adc	r31, r31
    1744:	ea 5f       	subi	r30, 0xFA	; 250
    1746:	fe 4f       	sbci	r31, 0xFE	; 254
    1748:	40 81       	ld	r20, Z
    174a:	51 81       	ldd	r21, Z+1	; 0x01
    174c:	45 2b       	or	r20, r21
    174e:	a1 f5       	brne	.+104    	; 0x17b8 <Process_Auto+0x142>
    1750:	11 96       	adiw	r26, 0x01	; 1
AutoStage *next_stage)
{
	uint8_t step;
	uint8_t index;

	for (step = 1; step <= 4; step++)
    1752:	6a 17       	cp	r22, r26
    1754:	7b 07       	cpc	r23, r27
    1756:	31 f7       	brne	.-52     	; 0x1724 <Process_Auto+0xae>
    1758:	34 c0       	rjmp	.+104    	; 0x17c2 <Process_Auto+0x14c>

		return;
	}

	remaining = (uint32_t)duration - elapsed;
	Display_SetNumber((uint16_t)remaining);
    175a:	a5 01       	movw	r20, r10
    175c:	94 01       	movw	r18, r8
    175e:	26 1b       	sub	r18, r22
    1760:	37 0b       	sbc	r19, r23
    1762:	48 0b       	sbc	r20, r24
    1764:	59 0b       	sbc	r21, r25
    1766:	da 01       	movw	r26, r20
    1768:	c9 01       	movw	r24, r18
    176a:	0e 94 70 05 	call	0xae0	; 0xae0 <Display_SetNumber>
    176e:	2d c0       	rjmp	.+90     	; 0x17ca <Process_Auto+0x154>
	uint8_t step;
	uint8_t index;

	for (step = 1; step <= 4; step++)
	{
		index = ((uint8_t)current + step) % 4;
    1770:	c9 01       	movw	r24, r18
    1772:	01 96       	adiw	r24, 0x01	; 1
    1774:	83 70       	andi	r24, 0x03	; 3
    1776:	90 78       	andi	r25, 0x80	; 128
    1778:	99 23       	and	r25, r25
    177a:	24 f4       	brge	.+8      	; 0x1784 <Process_Auto+0x10e>
    177c:	01 97       	sbiw	r24, 0x01	; 1
    177e:	8c 6f       	ori	r24, 0xFC	; 252
    1780:	9f 6f       	ori	r25, 0xFF	; 255
    1782:	01 96       	adiw	r24, 0x01	; 1

		if (auto_stage_time[index] != 0)
    1784:	fc 01       	movw	r30, r24
    1786:	ff 27       	eor	r31, r31
    1788:	ee 0f       	add	r30, r30
    178a:	ff 1f       	adc	r31, r31
    178c:	ea 5f       	subi	r30, 0xFA	; 250
    178e:	fe 4f       	sbci	r31, 0xFE	; 254
    1790:	60 81       	ld	r22, Z
    1792:	71 81       	ldd	r23, Z+1	; 0x01
    1794:	67 2b       	or	r22, r23
    1796:	81 f4       	brne	.+32     	; 0x17b8 <Process_Auto+0x142>
    1798:	d9 01       	movw	r26, r18
    179a:	12 96       	adiw	r26, 0x02	; 2
    179c:	64 2f       	mov	r22, r20
    179e:	70 e0       	ldi	r23, 0x00	; 0
    17a0:	6b 5f       	subi	r22, 0xFB	; 251
    17a2:	7f 4f       	sbci	r23, 0xFF	; 255
    17a4:	bf cf       	rjmp	.-130    	; 0x1724 <Process_Auto+0xae>
		);

		return;
	}

	if (elapsed >= duration)
    17a6:	4f 01       	movw	r8, r30
    17a8:	a1 2c       	mov	r10, r1
    17aa:	b1 2c       	mov	r11, r1
    17ac:	68 15       	cp	r22, r8
    17ae:	79 05       	cpc	r23, r9
    17b0:	8a 05       	cpc	r24, r10
    17b2:	9b 05       	cpc	r25, r11
    17b4:	90 f2       	brcs	.-92     	; 0x175a <Process_Auto+0xe4>
    17b6:	dc cf       	rjmp	.-72     	; 0x1770 <Process_Auto+0xfa>
	{
		if (Auto_FindNextActiveStage(current_stage, &next_stage))
		{
			Auto_EnterStage(next_stage, now);
    17b8:	b7 01       	movw	r22, r14
    17ba:	a6 01       	movw	r20, r12
    17bc:	0e 94 85 0a 	call	0x150a	; 0x150a <Auto_EnterStage>
    17c0:	04 c0       	rjmp	.+8      	; 0x17ca <Process_Auto+0x154>
		}
		else
		{
			Traffic_AllOff();
    17c2:	0e 94 18 0a 	call	0x1430	; 0x1430 <Traffic_AllOff>
			Display_Off();
    17c6:	0e 94 60 05 	call	0xac0	; 0xac0 <Display_Off>
		return;
	}

	remaining = (uint32_t)duration - elapsed;
	Display_SetNumber((uint16_t)remaining);
}
    17ca:	ff 90       	pop	r15
    17cc:	ef 90       	pop	r14
    17ce:	df 90       	pop	r13
    17d0:	cf 90       	pop	r12
    17d2:	bf 90       	pop	r11
    17d4:	af 90       	pop	r10
    17d6:	9f 90       	pop	r9
    17d8:	8f 90       	pop	r8
    17da:	08 95       	ret

000017dc <Is_Night_Time>:
uint8_t night_led_on = 0;
uint32_t night_state_start = 0;
uint8_t night_state_initialized = 0;

uint8_t Is_Night_Time(const RTC_Time *time)
{
    17dc:	8f 92       	push	r8
    17de:	9f 92       	push	r9
    17e0:	af 92       	push	r10
    17e2:	bf 92       	push	r11
    17e4:	cf 92       	push	r12
    17e6:	df 92       	push	r13
    17e8:	ef 92       	push	r14
    17ea:	ff 92       	push	r15
    17ec:	fc 01       	movw	r30, r24
	uint32_t now;
	uint32_t start;
	uint32_t end;

	now = Time_To_Seconds(
    17ee:	42 81       	ldd	r20, Z+2	; 0x02
    17f0:	61 81       	ldd	r22, Z+1	; 0x01
    17f2:	80 81       	ld	r24, Z
    17f4:	0e 94 43 08 	call	0x1086	; 0x1086 <Time_To_Seconds>
    17f8:	4b 01       	movw	r8, r22
    17fa:	5c 01       	movw	r10, r24
	time->hours,
	time->minutes,
	time->seconds
	);

	start = Time_To_Seconds(
    17fc:	40 91 d0 01 	lds	r20, 0x01D0	; 0x8001d0 <night_start_second>
    1800:	60 91 d1 01 	lds	r22, 0x01D1	; 0x8001d1 <night_start_minute>
    1804:	80 91 01 01 	lds	r24, 0x0101	; 0x800101 <night_start_hour>
    1808:	0e 94 43 08 	call	0x1086	; 0x1086 <Time_To_Seconds>
    180c:	6b 01       	movw	r12, r22
    180e:	7c 01       	movw	r14, r24
	night_start_hour,
	night_start_minute,
	night_start_second
	);

	end = Time_To_Seconds(
    1810:	40 91 ce 01 	lds	r20, 0x01CE	; 0x8001ce <night_end_second>
    1814:	60 91 cf 01 	lds	r22, 0x01CF	; 0x8001cf <night_end_minute>
    1818:	80 91 00 01 	lds	r24, 0x0100	; 0x800100 <__data_start>
    181c:	0e 94 43 08 	call	0x1086	; 0x1086 <Time_To_Seconds>
	night_end_hour,
	night_end_minute,
	night_end_second
	);

	if (start == end)
    1820:	c6 16       	cp	r12, r22
    1822:	d7 06       	cpc	r13, r23
    1824:	e8 06       	cpc	r14, r24
    1826:	f9 06       	cpc	r15, r25
    1828:	29 f1       	breq	.+74     	; 0x1874 <Is_Night_Time+0x98>
	return 1;

	if (start < end)
    182a:	c6 16       	cp	r12, r22
    182c:	d7 06       	cpc	r13, r23
    182e:	e8 06       	cpc	r14, r24
    1830:	f9 06       	cpc	r15, r25
    1832:	80 f4       	brcc	.+32     	; 0x1854 <Is_Night_Time+0x78>
	return (now >= start && now < end);
    1834:	8c 14       	cp	r8, r12
    1836:	9d 04       	cpc	r9, r13
    1838:	ae 04       	cpc	r10, r14
    183a:	bf 04       	cpc	r11, r15
    183c:	48 f0       	brcs	.+18     	; 0x1850 <Is_Night_Time+0x74>
    183e:	21 e0       	ldi	r18, 0x01	; 1
    1840:	86 16       	cp	r8, r22
    1842:	97 06       	cpc	r9, r23
    1844:	a8 06       	cpc	r10, r24
    1846:	b9 06       	cpc	r11, r25
    1848:	08 f0       	brcs	.+2      	; 0x184c <Is_Night_Time+0x70>
    184a:	20 e0       	ldi	r18, 0x00	; 0
    184c:	82 2f       	mov	r24, r18
    184e:	13 c0       	rjmp	.+38     	; 0x1876 <Is_Night_Time+0x9a>
    1850:	80 e0       	ldi	r24, 0x00	; 0
    1852:	11 c0       	rjmp	.+34     	; 0x1876 <Is_Night_Time+0x9a>

	return (now >= start || now < end);
    1854:	8c 14       	cp	r8, r12
    1856:	9d 04       	cpc	r9, r13
    1858:	ae 04       	cpc	r10, r14
    185a:	bf 04       	cpc	r11, r15
    185c:	48 f4       	brcc	.+18     	; 0x1870 <Is_Night_Time+0x94>
    185e:	21 e0       	ldi	r18, 0x01	; 1
    1860:	86 16       	cp	r8, r22
    1862:	97 06       	cpc	r9, r23
    1864:	a8 06       	cpc	r10, r24
    1866:	b9 06       	cpc	r11, r25
    1868:	08 f0       	brcs	.+2      	; 0x186c <Is_Night_Time+0x90>
    186a:	20 e0       	ldi	r18, 0x00	; 0
    186c:	82 2f       	mov	r24, r18
    186e:	03 c0       	rjmp	.+6      	; 0x1876 <Is_Night_Time+0x9a>
    1870:	81 e0       	ldi	r24, 0x01	; 1
    1872:	01 c0       	rjmp	.+2      	; 0x1876 <Is_Night_Time+0x9a>
	night_end_minute,
	night_end_second
	);

	if (start == end)
	return 1;
    1874:	81 e0       	ldi	r24, 0x01	; 1

	if (start < end)
	return (now >= start && now < end);

	return (now >= start || now < end);
}
    1876:	ff 90       	pop	r15
    1878:	ef 90       	pop	r14
    187a:	df 90       	pop	r13
    187c:	cf 90       	pop	r12
    187e:	bf 90       	pop	r11
    1880:	af 90       	pop	r10
    1882:	9f 90       	pop	r9
    1884:	8f 90       	pop	r8
    1886:	08 95       	ret

00001888 <Process_Night>:
	Traffic_Night(1);
	Display_Off();
}

void Process_Night(void)
{
    1888:	cf 92       	push	r12
    188a:	df 92       	push	r13
    188c:	ef 92       	push	r14
    188e:	ff 92       	push	r15
    1890:	0f 93       	push	r16
    1892:	1f 93       	push	r17
    1894:	cf 93       	push	r28
    1896:	df 93       	push	r29
	uint32_t now;
	uint32_t elapsed;
	uint16_t required_time;

	now = RTC_GetSecondsFromMidnight(&rtc);
    1898:	87 ee       	ldi	r24, 0xE7	; 231
    189a:	91 e0       	ldi	r25, 0x01	; 1
    189c:	0e 94 63 08 	call	0x10c6	; 0x10c6 <RTC_GetSecondsFromMidnight>
    18a0:	6b 01       	movw	r12, r22
    18a2:	7c 01       	movw	r14, r24

	if (!night_state_initialized)
    18a4:	80 91 df 01 	lds	r24, 0x01DF	; 0x8001df <night_state_initialized>
    18a8:	81 11       	cpse	r24, r1
    18aa:	12 c0       	rjmp	.+36     	; 0x18d0 <Process_Night+0x48>
	return (now >= start || now < end);
}

static void Night_Initialize(uint32_t now)
{
	night_state_initialized = 1;
    18ac:	81 e0       	ldi	r24, 0x01	; 1
    18ae:	80 93 df 01 	sts	0x01DF, r24	; 0x8001df <night_state_initialized>
	night_led_on = 1;
    18b2:	80 93 e4 01 	sts	0x01E4, r24	; 0x8001e4 <night_led_on>
	night_state_start = now;
    18b6:	c0 92 e0 01 	sts	0x01E0, r12	; 0x8001e0 <night_state_start>
    18ba:	d0 92 e1 01 	sts	0x01E1, r13	; 0x8001e1 <night_state_start+0x1>
    18be:	e0 92 e2 01 	sts	0x01E2, r14	; 0x8001e2 <night_state_start+0x2>
    18c2:	f0 92 e3 01 	sts	0x01E3, r15	; 0x8001e3 <night_state_start+0x3>

	Traffic_Night(1);
    18c6:	0e 94 34 0a 	call	0x1468	; 0x1468 <Traffic_Night>
	Display_Off();
    18ca:	0e 94 60 05 	call	0xac0	; 0xac0 <Display_Off>
    18ce:	38 c0       	rjmp	.+112    	; 0x1940 <Process_Night+0xb8>
	{
		Night_Initialize(now);
		return;
	}

	if (night_led_on)
    18d0:	80 91 e4 01 	lds	r24, 0x01E4	; 0x8001e4 <night_led_on>
    18d4:	88 23       	and	r24, r24
    18d6:	29 f0       	breq	.+10     	; 0x18e2 <Process_Night+0x5a>
	required_time = night_on_time;
    18d8:	c0 91 04 01 	lds	r28, 0x0104	; 0x800104 <night_on_time>
    18dc:	d0 91 05 01 	lds	r29, 0x0105	; 0x800105 <night_on_time+0x1>
    18e0:	04 c0       	rjmp	.+8      	; 0x18ea <Process_Night+0x62>
	else
	required_time = night_off_time;
    18e2:	c0 91 02 01 	lds	r28, 0x0102	; 0x800102 <night_off_time>
    18e6:	d0 91 03 01 	lds	r29, 0x0103	; 0x800103 <night_off_time+0x1>

	if (required_time == 0)
    18ea:	20 97       	sbiw	r28, 0x00	; 0
    18ec:	11 f4       	brne	.+4      	; 0x18f2 <Process_Night+0x6a>
	required_time = 1;
    18ee:	c1 e0       	ldi	r28, 0x01	; 1
    18f0:	d0 e0       	ldi	r29, 0x00	; 0

	elapsed = Seconds_Difference(now, night_state_start);
    18f2:	20 91 e0 01 	lds	r18, 0x01E0	; 0x8001e0 <night_state_start>
    18f6:	30 91 e1 01 	lds	r19, 0x01E1	; 0x8001e1 <night_state_start+0x1>
    18fa:	40 91 e2 01 	lds	r20, 0x01E2	; 0x8001e2 <night_state_start+0x2>
    18fe:	50 91 e3 01 	lds	r21, 0x01E3	; 0x8001e3 <night_state_start+0x3>
    1902:	c7 01       	movw	r24, r14
    1904:	b6 01       	movw	r22, r12
    1906:	0e 94 88 08 	call	0x1110	; 0x1110 <Seconds_Difference>

	if (elapsed >= required_time)
    190a:	8e 01       	movw	r16, r28
    190c:	20 e0       	ldi	r18, 0x00	; 0
    190e:	30 e0       	ldi	r19, 0x00	; 0
    1910:	60 17       	cp	r22, r16
    1912:	71 07       	cpc	r23, r17
    1914:	82 07       	cpc	r24, r18
    1916:	93 07       	cpc	r25, r19
    1918:	88 f0       	brcs	.+34     	; 0x193c <Process_Night+0xb4>
	{
		night_led_on = !night_led_on;
    191a:	81 e0       	ldi	r24, 0x01	; 1
    191c:	90 91 e4 01 	lds	r25, 0x01E4	; 0x8001e4 <night_led_on>
    1920:	91 11       	cpse	r25, r1
    1922:	80 e0       	ldi	r24, 0x00	; 0
    1924:	80 93 e4 01 	sts	0x01E4, r24	; 0x8001e4 <night_led_on>
		night_state_start = now;
    1928:	c0 92 e0 01 	sts	0x01E0, r12	; 0x8001e0 <night_state_start>
    192c:	d0 92 e1 01 	sts	0x01E1, r13	; 0x8001e1 <night_state_start+0x1>
    1930:	e0 92 e2 01 	sts	0x01E2, r14	; 0x8001e2 <night_state_start+0x2>
    1934:	f0 92 e3 01 	sts	0x01E3, r15	; 0x8001e3 <night_state_start+0x3>
		Traffic_Night(night_led_on);
    1938:	0e 94 34 0a 	call	0x1468	; 0x1468 <Traffic_Night>
	}

	Display_Off();
    193c:	0e 94 60 05 	call	0xac0	; 0xac0 <Display_Off>
}
    1940:	df 91       	pop	r29
    1942:	cf 91       	pop	r28
    1944:	1f 91       	pop	r17
    1946:	0f 91       	pop	r16
    1948:	ff 90       	pop	r15
    194a:	ef 90       	pop	r14
    194c:	df 90       	pop	r13
    194e:	cf 90       	pop	r12
    1950:	08 95       	ret

00001952 <Process_Auto_Night>:

void Process_Auto_Night(void)
{
	uint8_t night;

	night = Is_Night_Time(&rtc);
    1952:	87 ee       	ldi	r24, 0xE7	; 231
    1954:	91 e0       	ldi	r25, 0x01	; 1
    1956:	0e 94 ee 0b 	call	0x17dc	; 0x17dc <Is_Night_Time>

	if (night)
    195a:	88 23       	and	r24, r24
    195c:	49 f0       	breq	.+18     	; 0x1970 <Process_Auto_Night+0x1e>
	{
		if (!night_state_initialized)
    195e:	80 91 df 01 	lds	r24, 0x01DF	; 0x8001df <night_state_initialized>
    1962:	81 11       	cpse	r24, r1
    1964:	02 c0       	rjmp	.+4      	; 0x196a <Process_Auto_Night+0x18>
		auto_state_initialized = 0;
    1966:	10 92 d4 01 	sts	0x01D4, r1	; 0x8001d4 <auto_state_initialized>

		Process_Night();
    196a:	0e 94 44 0c 	call	0x1888	; 0x1888 <Process_Night>
		return;
    196e:	08 95       	ret
	}

	if (night_state_initialized)
    1970:	80 91 df 01 	lds	r24, 0x01DF	; 0x8001df <night_state_initialized>
    1974:	88 23       	and	r24, r24
    1976:	69 f0       	breq	.+26     	; 0x1992 <Process_Auto_Night+0x40>
	{
		uint32_t now;

		night_state_initialized = 0;
    1978:	10 92 df 01 	sts	0x01DF, r1	; 0x8001df <night_state_initialized>
		auto_state_initialized = 0;
    197c:	10 92 d4 01 	sts	0x01D4, r1	; 0x8001d4 <auto_state_initialized>
		pedestrian_request = 0;
    1980:	10 92 dd 01 	sts	0x01DD, r1	; 0x8001dd <pedestrian_request>

		now = RTC_GetSecondsFromMidnight(&rtc);
    1984:	87 ee       	ldi	r24, 0xE7	; 231
    1986:	91 e0       	ldi	r25, 0x01	; 1
    1988:	0e 94 63 08 	call	0x10c6	; 0x10c6 <RTC_GetSecondsFromMidnight>
		Auto_Initialize(now);
    198c:	0e 94 fe 0a 	call	0x15fc	; 0x15fc <Auto_Initialize>
		return;
    1990:	08 95       	ret
	}

	Process_Auto();
    1992:	0e 94 3b 0b 	call	0x1676	; 0x1676 <Process_Auto>
    1996:	08 95       	ret

00001998 <TWI_Init>:

#include <avr/io.h>

void TWI_Init(void)
{
	TWSR = 0;
    1998:	10 92 b9 00 	sts	0x00B9, r1	; 0x8000b9 <__TEXT_REGION_LENGTH__+0x7e00b9>
	TWBR = (uint8_t)TWI_TWBR_VALUE;
    199c:	88 e4       	ldi	r24, 0x48	; 72
    199e:	80 93 b8 00 	sts	0x00B8, r24	; 0x8000b8 <__TEXT_REGION_LENGTH__+0x7e00b8>
	TWCR = (1 << TWEN);
    19a2:	84 e0       	ldi	r24, 0x04	; 4
    19a4:	80 93 bc 00 	sts	0x00BC, r24	; 0x8000bc <__TEXT_REGION_LENGTH__+0x7e00bc>
    19a8:	08 95       	ret

000019aa <TWI_Start>:

uint8_t TWI_Start(uint8_t address)
{
	uint8_t status;

	TWCR = (1 << TWINT) | (1 << TWSTA) | (1 << TWEN);
    19aa:	94 ea       	ldi	r25, 0xA4	; 164
    19ac:	90 93 bc 00 	sts	0x00BC, r25	; 0x8000bc <__TEXT_REGION_LENGTH__+0x7e00bc>

	while (!(TWCR & (1 << TWINT)))
    19b0:	ec eb       	ldi	r30, 0xBC	; 188
    19b2:	f0 e0       	ldi	r31, 0x00	; 0
    19b4:	90 81       	ld	r25, Z
    19b6:	99 23       	and	r25, r25
    19b8:	ec f7       	brge	.-6      	; 0x19b4 <TWI_Start+0xa>
	{
	}

	status = TWSR & 0xF8;
    19ba:	90 91 b9 00 	lds	r25, 0x00B9	; 0x8000b9 <__TEXT_REGION_LENGTH__+0x7e00b9>
    19be:	98 7f       	andi	r25, 0xF8	; 248
	if (status != 0x08 && status != 0x10)
    19c0:	98 30       	cpi	r25, 0x08	; 8
    19c2:	11 f0       	breq	.+4      	; 0x19c8 <TWI_Start+0x1e>
    19c4:	90 31       	cpi	r25, 0x10	; 16
    19c6:	c9 f4       	brne	.+50     	; 0x19fa <TWI_Start+0x50>
	return 0;

	TWDR = address;
    19c8:	80 93 bb 00 	sts	0x00BB, r24	; 0x8000bb <__TEXT_REGION_LENGTH__+0x7e00bb>
	TWCR = (1 << TWINT) | (1 << TWEN);
    19cc:	94 e8       	ldi	r25, 0x84	; 132
    19ce:	90 93 bc 00 	sts	0x00BC, r25	; 0x8000bc <__TEXT_REGION_LENGTH__+0x7e00bc>

	while (!(TWCR & (1 << TWINT)))
    19d2:	ec eb       	ldi	r30, 0xBC	; 188
    19d4:	f0 e0       	ldi	r31, 0x00	; 0
    19d6:	90 81       	ld	r25, Z
    19d8:	99 23       	and	r25, r25
    19da:	ec f7       	brge	.-6      	; 0x19d6 <TWI_Start+0x2c>
	{
	}

	status = TWSR & 0xF8;
    19dc:	90 91 b9 00 	lds	r25, 0x00B9	; 0x8000b9 <__TEXT_REGION_LENGTH__+0x7e00b9>
    19e0:	98 7f       	andi	r25, 0xF8	; 248

	if (address & 1)
    19e2:	80 ff       	sbrs	r24, 0
    19e4:	05 c0       	rjmp	.+10     	; 0x19f0 <TWI_Start+0x46>
	return status == 0x40;
    19e6:	81 e0       	ldi	r24, 0x01	; 1
    19e8:	90 34       	cpi	r25, 0x40	; 64
    19ea:	41 f0       	breq	.+16     	; 0x19fc <TWI_Start+0x52>
    19ec:	80 e0       	ldi	r24, 0x00	; 0
    19ee:	08 95       	ret

	return status == 0x18;
    19f0:	81 e0       	ldi	r24, 0x01	; 1
    19f2:	98 31       	cpi	r25, 0x18	; 24
    19f4:	19 f0       	breq	.+6      	; 0x19fc <TWI_Start+0x52>
    19f6:	80 e0       	ldi	r24, 0x00	; 0
    19f8:	08 95       	ret
	{
	}

	status = TWSR & 0xF8;
	if (status != 0x08 && status != 0x10)
	return 0;
    19fa:	80 e0       	ldi	r24, 0x00	; 0

	if (address & 1)
	return status == 0x40;

	return status == 0x18;
}
    19fc:	08 95       	ret

000019fe <TWI_Write>:

uint8_t TWI_Write(uint8_t data)
{
	TWDR = data;
    19fe:	80 93 bb 00 	sts	0x00BB, r24	; 0x8000bb <__TEXT_REGION_LENGTH__+0x7e00bb>
	TWCR = (1 << TWINT) | (1 << TWEN);
    1a02:	84 e8       	ldi	r24, 0x84	; 132
    1a04:	80 93 bc 00 	sts	0x00BC, r24	; 0x8000bc <__TEXT_REGION_LENGTH__+0x7e00bc>

	while (!(TWCR & (1 << TWINT)))
    1a08:	ec eb       	ldi	r30, 0xBC	; 188
    1a0a:	f0 e0       	ldi	r31, 0x00	; 0
    1a0c:	80 81       	ld	r24, Z
    1a0e:	88 23       	and	r24, r24
    1a10:	ec f7       	brge	.-6      	; 0x1a0c <TWI_Write+0xe>
	{
	}

	return ((TWSR & 0xF8) == 0x28);
    1a12:	90 91 b9 00 	lds	r25, 0x00B9	; 0x8000b9 <__TEXT_REGION_LENGTH__+0x7e00b9>
    1a16:	98 7f       	andi	r25, 0xF8	; 248
    1a18:	81 e0       	ldi	r24, 0x01	; 1
    1a1a:	98 32       	cpi	r25, 0x28	; 40
    1a1c:	09 f0       	breq	.+2      	; 0x1a20 <TWI_Write+0x22>
    1a1e:	80 e0       	ldi	r24, 0x00	; 0
}
    1a20:	08 95       	ret

00001a22 <TWI_ReadACK>:

uint8_t TWI_ReadACK(void)
{
	TWCR = (1 << TWINT) | (1 << TWEN) | (1 << TWEA);
    1a22:	84 ec       	ldi	r24, 0xC4	; 196
    1a24:	80 93 bc 00 	sts	0x00BC, r24	; 0x8000bc <__TEXT_REGION_LENGTH__+0x7e00bc>

	while (!(TWCR & (1 << TWINT)))
    1a28:	ec eb       	ldi	r30, 0xBC	; 188
    1a2a:	f0 e0       	ldi	r31, 0x00	; 0
    1a2c:	80 81       	ld	r24, Z
    1a2e:	88 23       	and	r24, r24
    1a30:	ec f7       	brge	.-6      	; 0x1a2c <TWI_ReadACK+0xa>
	{
	}

	return TWDR;
    1a32:	80 91 bb 00 	lds	r24, 0x00BB	; 0x8000bb <__TEXT_REGION_LENGTH__+0x7e00bb>
}
    1a36:	08 95       	ret

00001a38 <TWI_ReadNACK>:

uint8_t TWI_ReadNACK(void)
{
	TWCR = (1 << TWINT) | (1 << TWEN);
    1a38:	84 e8       	ldi	r24, 0x84	; 132
    1a3a:	80 93 bc 00 	sts	0x00BC, r24	; 0x8000bc <__TEXT_REGION_LENGTH__+0x7e00bc>

	while (!(TWCR & (1 << TWINT)))
    1a3e:	ec eb       	ldi	r30, 0xBC	; 188
    1a40:	f0 e0       	ldi	r31, 0x00	; 0
    1a42:	80 81       	ld	r24, Z
    1a44:	88 23       	and	r24, r24
    1a46:	ec f7       	brge	.-6      	; 0x1a42 <TWI_ReadNACK+0xa>
	{
	}

	return TWDR;
    1a48:	80 91 bb 00 	lds	r24, 0x00BB	; 0x8000bb <__TEXT_REGION_LENGTH__+0x7e00bb>
}
    1a4c:	08 95       	ret

00001a4e <TWI_Stop>:

void TWI_Stop(void)
{
	TWCR = (1 << TWINT) | (1 << TWEN) | (1 << TWSTO);
    1a4e:	84 e9       	ldi	r24, 0x94	; 148
    1a50:	80 93 bc 00 	sts	0x00BC, r24	; 0x8000bc <__TEXT_REGION_LENGTH__+0x7e00bc>
    1a54:	08 95       	ret

00001a56 <Str_Equals>:
	}
}

static uint8_t Str_Equals(const char *a, const char *b)
{
	while (*a && *b)
    1a56:	fc 01       	movw	r30, r24
    1a58:	20 81       	ld	r18, Z
    1a5a:	22 23       	and	r18, r18
    1a5c:	d9 f0       	breq	.+54     	; 0x1a94 <Str_Equals+0x3e>
    1a5e:	fb 01       	movw	r30, r22
    1a60:	30 81       	ld	r19, Z
    1a62:	33 23       	and	r19, r19
    1a64:	89 f0       	breq	.+34     	; 0x1a88 <Str_Equals+0x32>
	{
		if (*a != *b)
    1a66:	23 13       	cpse	r18, r19
    1a68:	11 c0       	rjmp	.+34     	; 0x1a8c <Str_Equals+0x36>
    1a6a:	dc 01       	movw	r26, r24
    1a6c:	11 96       	adiw	r26, 0x01	; 1
    1a6e:	31 96       	adiw	r30, 0x01	; 1
    1a70:	02 c0       	rjmp	.+4      	; 0x1a76 <Str_Equals+0x20>
    1a72:	92 13       	cpse	r25, r18
    1a74:	0d c0       	rjmp	.+26     	; 0x1a90 <Str_Equals+0x3a>
		return 0;

		a++;
		b++;
    1a76:	bf 01       	movw	r22, r30
	}
}

static uint8_t Str_Equals(const char *a, const char *b)
{
	while (*a && *b)
    1a78:	9d 91       	ld	r25, X+
    1a7a:	99 23       	and	r25, r25
    1a7c:	59 f0       	breq	.+22     	; 0x1a94 <Str_Equals+0x3e>
    1a7e:	21 91       	ld	r18, Z+
    1a80:	21 11       	cpse	r18, r1
    1a82:	f7 cf       	rjmp	.-18     	; 0x1a72 <Str_Equals+0x1c>

		a++;
		b++;
	}

	return (*a == '\0' && *b == '\0');
    1a84:	80 e0       	ldi	r24, 0x00	; 0
    1a86:	08 95       	ret
    1a88:	80 e0       	ldi	r24, 0x00	; 0
    1a8a:	08 95       	ret
static uint8_t Str_Equals(const char *a, const char *b)
{
	while (*a && *b)
	{
		if (*a != *b)
		return 0;
    1a8c:	80 e0       	ldi	r24, 0x00	; 0
    1a8e:	08 95       	ret
    1a90:	80 e0       	ldi	r24, 0x00	; 0
    1a92:	08 95       	ret

		a++;
		b++;
	}

	return (*a == '\0' && *b == '\0');
    1a94:	81 e0       	ldi	r24, 0x01	; 1
    1a96:	fb 01       	movw	r30, r22
    1a98:	90 81       	ld	r25, Z
    1a9a:	91 11       	cpse	r25, r1
    1a9c:	80 e0       	ldi	r24, 0x00	; 0
}
    1a9e:	08 95       	ret

00001aa0 <Str_StartsWith>:

static uint8_t Str_StartsWith(
const char *str,
const char *prefix)
{
    1aa0:	fb 01       	movw	r30, r22
    1aa2:	dc 01       	movw	r26, r24
	while (*prefix)
    1aa4:	03 c0       	rjmp	.+6      	; 0x1aac <Str_StartsWith+0xc>
	{
		if (*str++ != *prefix++)
    1aa6:	8d 91       	ld	r24, X+
    1aa8:	98 13       	cpse	r25, r24
    1aaa:	05 c0       	rjmp	.+10     	; 0x1ab6 <Str_StartsWith+0x16>

static uint8_t Str_StartsWith(
const char *str,
const char *prefix)
{
	while (*prefix)
    1aac:	91 91       	ld	r25, Z+
    1aae:	91 11       	cpse	r25, r1
    1ab0:	fa cf       	rjmp	.-12     	; 0x1aa6 <Str_StartsWith+0x6>
	{
		if (*str++ != *prefix++)
		return 0;
	}

	return 1;
    1ab2:	81 e0       	ldi	r24, 0x01	; 1
    1ab4:	08 95       	ret
const char *prefix)
{
	while (*prefix)
	{
		if (*str++ != *prefix++)
		return 0;
    1ab6:	80 e0       	ldi	r24, 0x00	; 0
	}

	return 1;
}
    1ab8:	08 95       	ret

00001aba <Parse_Time>:
static uint8_t Parse_Time(
const char *str,
uint8_t *hour,
uint8_t *minute,
uint8_t *second)
{
    1aba:	cf 93       	push	r28
    1abc:	df 93       	push	r29
    1abe:	dc 01       	movw	r26, r24
    1ac0:	e9 01       	movw	r28, r18

static uint8_t Str_Length(const char *str)
{
	uint8_t n = 0;

	while (*str++)
    1ac2:	fc 01       	movw	r30, r24
    1ac4:	31 96       	adiw	r30, 0x01	; 1
    1ac6:	8c 91       	ld	r24, X
    1ac8:	88 23       	and	r24, r24
    1aca:	09 f4       	brne	.+2      	; 0x1ace <Parse_Time+0x14>
    1acc:	5f c0       	rjmp	.+190    	; 0x1b8c <Parse_Time+0xd2>
    1ace:	90 e0       	ldi	r25, 0x00	; 0
	n++;
    1ad0:	9f 5f       	subi	r25, 0xFF	; 255

static uint8_t Str_Length(const char *str)
{
	uint8_t n = 0;

	while (*str++)
    1ad2:	31 91       	ld	r19, Z+
    1ad4:	31 11       	cpse	r19, r1
    1ad6:	fc cf       	rjmp	.-8      	; 0x1ad0 <Parse_Time+0x16>
uint8_t *minute,
uint8_t *second)
{
	uint8_t i;

	if (Str_Length(str) != 8)
    1ad8:	98 30       	cpi	r25, 0x08	; 8
    1ada:	09 f0       	breq	.+2      	; 0x1ade <Parse_Time+0x24>
    1adc:	59 c0       	rjmp	.+178    	; 0x1b90 <Parse_Time+0xd6>
	return 0;

	if (str[2] != ':' || str[5] != ':')
    1ade:	12 96       	adiw	r26, 0x02	; 2
    1ae0:	9c 91       	ld	r25, X
    1ae2:	12 97       	sbiw	r26, 0x02	; 2
    1ae4:	9a 33       	cpi	r25, 0x3A	; 58
    1ae6:	09 f0       	breq	.+2      	; 0x1aea <Parse_Time+0x30>
    1ae8:	55 c0       	rjmp	.+170    	; 0x1b94 <Parse_Time+0xda>
    1aea:	15 96       	adiw	r26, 0x05	; 5
    1aec:	9c 91       	ld	r25, X
    1aee:	15 97       	sbiw	r26, 0x05	; 5
    1af0:	9a 33       	cpi	r25, 0x3A	; 58
    1af2:	09 f0       	breq	.+2      	; 0x1af6 <Parse_Time+0x3c>
    1af4:	51 c0       	rjmp	.+162    	; 0x1b98 <Parse_Time+0xde>
    1af6:	21 e0       	ldi	r18, 0x01	; 1
    1af8:	90 e0       	ldi	r25, 0x00	; 0
    1afa:	02 c0       	rjmp	.+4      	; 0x1b00 <Parse_Time+0x46>
    1afc:	9f 5f       	subi	r25, 0xFF	; 255
    1afe:	2f 5f       	subi	r18, 0xFF	; 255
	return 0;

	for (i = 0; i < 8; i++)
	{
		if (i == 2 || i == 5)
    1b00:	92 30       	cpi	r25, 0x02	; 2
    1b02:	e1 f3       	breq	.-8      	; 0x1afc <Parse_Time+0x42>
    1b04:	95 30       	cpi	r25, 0x05	; 5
    1b06:	d1 f3       	breq	.-12     	; 0x1afc <Parse_Time+0x42>
		continue;

		if (str[i] < '0' || str[i] > '9')
    1b08:	fd 01       	movw	r30, r26
    1b0a:	e9 0f       	add	r30, r25
    1b0c:	f1 1d       	adc	r31, r1
    1b0e:	30 81       	ld	r19, Z
    1b10:	30 53       	subi	r19, 0x30	; 48
    1b12:	3a 30       	cpi	r19, 0x0A	; 10
    1b14:	08 f0       	brcs	.+2      	; 0x1b18 <Parse_Time+0x5e>
    1b16:	42 c0       	rjmp	.+132    	; 0x1b9c <Parse_Time+0xe2>
	return 0;

	if (str[2] != ':' || str[5] != ':')
	return 0;

	for (i = 0; i < 8; i++)
    1b18:	28 30       	cpi	r18, 0x08	; 8
    1b1a:	80 f3       	brcs	.-32     	; 0x1afc <Parse_Time+0x42>

		if (str[i] < '0' || str[i] > '9')
		return 0;
	}

	*hour = (uint8_t)((str[0] - '0') * 10 +
    1b1c:	88 0f       	add	r24, r24
    1b1e:	80 56       	subi	r24, 0x60	; 96
    1b20:	98 2f       	mov	r25, r24
    1b22:	99 0f       	add	r25, r25
    1b24:	99 0f       	add	r25, r25
    1b26:	89 0f       	add	r24, r25
    1b28:	11 96       	adiw	r26, 0x01	; 1
    1b2a:	9c 91       	ld	r25, X
    1b2c:	11 97       	sbiw	r26, 0x01	; 1
    1b2e:	90 53       	subi	r25, 0x30	; 48
    1b30:	89 0f       	add	r24, r25
    1b32:	fb 01       	movw	r30, r22
    1b34:	80 83       	st	Z, r24
	(str[1] - '0'));

	*minute = (uint8_t)((str[3] - '0') * 10 +
    1b36:	13 96       	adiw	r26, 0x03	; 3
    1b38:	8c 91       	ld	r24, X
    1b3a:	13 97       	sbiw	r26, 0x03	; 3
    1b3c:	88 0f       	add	r24, r24
    1b3e:	80 56       	subi	r24, 0x60	; 96
    1b40:	98 2f       	mov	r25, r24
    1b42:	99 0f       	add	r25, r25
    1b44:	99 0f       	add	r25, r25
    1b46:	89 0f       	add	r24, r25
    1b48:	14 96       	adiw	r26, 0x04	; 4
    1b4a:	9c 91       	ld	r25, X
    1b4c:	14 97       	sbiw	r26, 0x04	; 4
    1b4e:	90 53       	subi	r25, 0x30	; 48
    1b50:	89 0f       	add	r24, r25
    1b52:	fa 01       	movw	r30, r20
    1b54:	80 83       	st	Z, r24
	(str[4] - '0'));

	*second = (uint8_t)((str[6] - '0') * 10 +
    1b56:	16 96       	adiw	r26, 0x06	; 6
    1b58:	8c 91       	ld	r24, X
    1b5a:	16 97       	sbiw	r26, 0x06	; 6
    1b5c:	88 0f       	add	r24, r24
    1b5e:	80 56       	subi	r24, 0x60	; 96
    1b60:	98 2f       	mov	r25, r24
    1b62:	99 0f       	add	r25, r25
    1b64:	99 0f       	add	r25, r25
    1b66:	89 0f       	add	r24, r25
    1b68:	17 96       	adiw	r26, 0x07	; 7
    1b6a:	9c 91       	ld	r25, X
    1b6c:	90 53       	subi	r25, 0x30	; 48
    1b6e:	98 0f       	add	r25, r24
    1b70:	98 83       	st	Y, r25
	(str[7] - '0'));

	if (*hour > 23 || *minute > 59 || *second > 59)
    1b72:	fb 01       	movw	r30, r22
    1b74:	80 81       	ld	r24, Z
    1b76:	88 31       	cpi	r24, 0x18	; 24
    1b78:	98 f4       	brcc	.+38     	; 0x1ba0 <Parse_Time+0xe6>
    1b7a:	fa 01       	movw	r30, r20
    1b7c:	80 81       	ld	r24, Z
    1b7e:	8c 33       	cpi	r24, 0x3C	; 60
    1b80:	88 f4       	brcc	.+34     	; 0x1ba4 <Parse_Time+0xea>
uint8_t *second)
{
	uint8_t i;

	if (Str_Length(str) != 8)
	return 0;
    1b82:	81 e0       	ldi	r24, 0x01	; 1
    1b84:	9c 33       	cpi	r25, 0x3C	; 60
    1b86:	78 f0       	brcs	.+30     	; 0x1ba6 <Parse_Time+0xec>
    1b88:	80 e0       	ldi	r24, 0x00	; 0
    1b8a:	0d c0       	rjmp	.+26     	; 0x1ba6 <Parse_Time+0xec>
    1b8c:	80 e0       	ldi	r24, 0x00	; 0
    1b8e:	0b c0       	rjmp	.+22     	; 0x1ba6 <Parse_Time+0xec>
    1b90:	80 e0       	ldi	r24, 0x00	; 0
    1b92:	09 c0       	rjmp	.+18     	; 0x1ba6 <Parse_Time+0xec>

	if (str[2] != ':' || str[5] != ':')
	return 0;
    1b94:	80 e0       	ldi	r24, 0x00	; 0
    1b96:	07 c0       	rjmp	.+14     	; 0x1ba6 <Parse_Time+0xec>
    1b98:	80 e0       	ldi	r24, 0x00	; 0
    1b9a:	05 c0       	rjmp	.+10     	; 0x1ba6 <Parse_Time+0xec>
	{
		if (i == 2 || i == 5)
		continue;

		if (str[i] < '0' || str[i] > '9')
		return 0;
    1b9c:	80 e0       	ldi	r24, 0x00	; 0
    1b9e:	03 c0       	rjmp	.+6      	; 0x1ba6 <Parse_Time+0xec>

	*second = (uint8_t)((str[6] - '0') * 10 +
	(str[7] - '0'));

	if (*hour > 23 || *minute > 59 || *second > 59)
	return 0;
    1ba0:	80 e0       	ldi	r24, 0x00	; 0
    1ba2:	01 c0       	rjmp	.+2      	; 0x1ba6 <Parse_Time+0xec>
    1ba4:	80 e0       	ldi	r24, 0x00	; 0

	return 1;
}
    1ba6:	df 91       	pop	r29
    1ba8:	cf 91       	pop	r28
    1baa:	08 95       	ret

00001bac <Get_Token>:

	return (*value != 0);
}

static char *Get_Token(char **text)
{
    1bac:	cf 93       	push	r28
    1bae:	df 93       	push	r29
    1bb0:	9c 01       	movw	r18, r24
	char *p = *text;
    1bb2:	fc 01       	movw	r30, r24
    1bb4:	a0 81       	ld	r26, Z
    1bb6:	b1 81       	ldd	r27, Z+1	; 0x01
	char *start;

	while (*p == ' ')
    1bb8:	9c 91       	ld	r25, X
    1bba:	90 32       	cpi	r25, 0x20	; 32
    1bbc:	31 f4       	brne	.+12     	; 0x1bca <Get_Token+0x1e>
    1bbe:	fd 01       	movw	r30, r26
    1bc0:	31 96       	adiw	r30, 0x01	; 1
	p++;
    1bc2:	df 01       	movw	r26, r30
static char *Get_Token(char **text)
{
	char *p = *text;
	char *start;

	while (*p == ' ')
    1bc4:	91 91       	ld	r25, Z+
    1bc6:	90 32       	cpi	r25, 0x20	; 32
    1bc8:	e1 f3       	breq	.-8      	; 0x1bc2 <Get_Token+0x16>
	p++;

	if (*p == '\0')
    1bca:	99 23       	and	r25, r25
    1bcc:	39 f0       	breq	.+14     	; 0x1bdc <Get_Token+0x30>
		return 0;
	}

	start = p;

	while (*p && *p != ' ')
    1bce:	8c 91       	ld	r24, X
    1bd0:	88 23       	and	r24, r24
    1bd2:	d9 f0       	breq	.+54     	; 0x1c0a <Get_Token+0x5e>
    1bd4:	80 32       	cpi	r24, 0x20	; 32
    1bd6:	41 f4       	brne	.+16     	; 0x1be8 <Get_Token+0x3c>
    1bd8:	ed 01       	movw	r28, r26
    1bda:	15 c0       	rjmp	.+42     	; 0x1c06 <Get_Token+0x5a>
	while (*p == ' ')
	p++;

	if (*p == '\0')
	{
		*text = p;
    1bdc:	f9 01       	movw	r30, r18
    1bde:	b1 83       	std	Z+1, r27	; 0x01
    1be0:	a0 83       	st	Z, r26
		return 0;
    1be2:	80 e0       	ldi	r24, 0x00	; 0
    1be4:	90 e0       	ldi	r25, 0x00	; 0
    1be6:	13 c0       	rjmp	.+38     	; 0x1c0e <Get_Token+0x62>
    1be8:	fd 01       	movw	r30, r26
    1bea:	31 96       	adiw	r30, 0x01	; 1
	}

	start = p;

	while (*p && *p != ' ')
	p++;
    1bec:	ef 01       	movw	r28, r30
		return 0;
	}

	start = p;

	while (*p && *p != ' ')
    1bee:	91 91       	ld	r25, Z+
    1bf0:	99 23       	and	r25, r25
    1bf2:	19 f0       	breq	.+6      	; 0x1bfa <Get_Token+0x4e>
    1bf4:	90 32       	cpi	r25, 0x20	; 32
    1bf6:	d1 f7       	brne	.-12     	; 0x1bec <Get_Token+0x40>
    1bf8:	06 c0       	rjmp	.+12     	; 0x1c06 <Get_Token+0x5a>
	{
		*p = '\0';
		p++;
	}

	*text = p;
    1bfa:	f9 01       	movw	r30, r18
    1bfc:	d1 83       	std	Z+1, r29	; 0x01
    1bfe:	c0 83       	st	Z, r28
	return start;
    1c00:	8a 2f       	mov	r24, r26
    1c02:	9b 2f       	mov	r25, r27
    1c04:	04 c0       	rjmp	.+8      	; 0x1c0e <Get_Token+0x62>
	while (*p && *p != ' ')
	p++;

	if (*p)
	{
		*p = '\0';
    1c06:	19 92       	st	Y+, r1
    1c08:	f8 cf       	rjmp	.-16     	; 0x1bfa <Get_Token+0x4e>
		return 0;
	}

	start = p;

	while (*p && *p != ' ')
    1c0a:	ed 01       	movw	r28, r26
    1c0c:	f6 cf       	rjmp	.-20     	; 0x1bfa <Get_Token+0x4e>
		p++;
	}

	*text = p;
	return start;
}
    1c0e:	df 91       	pop	r29
    1c10:	cf 91       	pop	r28
    1c12:	08 95       	ret

00001c14 <Parse_XXX>:
}

static uint8_t Parse_XXX(
const char *str,
uint16_t *value)
{
    1c14:	dc 01       	movw	r26, r24

static uint8_t Str_Length(const char *str)
{
	uint8_t n = 0;

	while (*str++)
    1c16:	fc 01       	movw	r30, r24
    1c18:	31 96       	adiw	r30, 0x01	; 1
    1c1a:	8c 91       	ld	r24, X
    1c1c:	88 23       	and	r24, r24
    1c1e:	79 f1       	breq	.+94     	; 0x1c7e <Parse_XXX+0x6a>
    1c20:	90 e0       	ldi	r25, 0x00	; 0
	n++;
    1c22:	9f 5f       	subi	r25, 0xFF	; 255

static uint8_t Str_Length(const char *str)
{
	uint8_t n = 0;

	while (*str++)
    1c24:	21 91       	ld	r18, Z+
    1c26:	21 11       	cpse	r18, r1
    1c28:	fc cf       	rjmp	.-8      	; 0x1c22 <Parse_XXX+0xe>
    1c2a:	45 c0       	rjmp	.+138    	; 0x1cb6 <Parse_XXX+0xa2>
	{
		if (str[i] < '0' || str[i] > '9')
		return 0;
	}

	*value = (uint16_t)(
    1c2c:	11 96       	adiw	r26, 0x01	; 1
    1c2e:	2c 91       	ld	r18, X
    1c30:	11 97       	sbiw	r26, 0x01	; 1
    1c32:	30 e0       	ldi	r19, 0x00	; 0
    1c34:	20 53       	subi	r18, 0x30	; 48
    1c36:	31 09       	sbc	r19, r1
    1c38:	a9 01       	movw	r20, r18
    1c3a:	44 0f       	add	r20, r20
    1c3c:	55 1f       	adc	r21, r21
    1c3e:	22 0f       	add	r18, r18
    1c40:	33 1f       	adc	r19, r19
    1c42:	22 0f       	add	r18, r18
    1c44:	33 1f       	adc	r19, r19
    1c46:	22 0f       	add	r18, r18
    1c48:	33 1f       	adc	r19, r19
    1c4a:	24 0f       	add	r18, r20
    1c4c:	35 1f       	adc	r19, r21
    1c4e:	90 e0       	ldi	r25, 0x00	; 0
    1c50:	c0 97       	sbiw	r24, 0x30	; 48
    1c52:	e4 e6       	ldi	r30, 0x64	; 100
    1c54:	e8 9f       	mul	r30, r24
    1c56:	a0 01       	movw	r20, r0
    1c58:	e9 9f       	mul	r30, r25
    1c5a:	50 0d       	add	r21, r0
    1c5c:	11 24       	eor	r1, r1
    1c5e:	24 0f       	add	r18, r20
    1c60:	35 1f       	adc	r19, r21
    1c62:	12 96       	adiw	r26, 0x02	; 2
    1c64:	8c 91       	ld	r24, X
    1c66:	90 e0       	ldi	r25, 0x00	; 0
    1c68:	c0 97       	sbiw	r24, 0x30	; 48
    1c6a:	28 0f       	add	r18, r24
    1c6c:	39 1f       	adc	r19, r25
    1c6e:	fb 01       	movw	r30, r22
    1c70:	31 83       	std	Z+1, r19	; 0x01
    1c72:	20 83       	st	Z, r18
	(str[0] - '0') * 100 +
	(str[1] - '0') * 10 +
	(str[2] - '0')
	);

	return (*value != 0);
    1c74:	81 e0       	ldi	r24, 0x01	; 1
    1c76:	23 2b       	or	r18, r19
    1c78:	09 f5       	brne	.+66     	; 0x1cbc <Parse_XXX+0xa8>
    1c7a:	80 e0       	ldi	r24, 0x00	; 0
    1c7c:	08 95       	ret
uint16_t *value)
{
	uint8_t i;

	if (Str_Length(str) != 3)
	return 0;
    1c7e:	80 e0       	ldi	r24, 0x00	; 0
    1c80:	08 95       	ret

	for (i = 0; i < 3; i++)
	{
		if (str[i] < '0' || str[i] > '9')
		return 0;
    1c82:	80 e0       	ldi	r24, 0x00	; 0
    1c84:	08 95       	ret
    1c86:	80 e0       	ldi	r24, 0x00	; 0
    1c88:	08 95       	ret
    1c8a:	80 e0       	ldi	r24, 0x00	; 0
    1c8c:	08 95       	ret
uint16_t *value)
{
	uint8_t i;

	if (Str_Length(str) != 3)
	return 0;
    1c8e:	80 e0       	ldi	r24, 0x00	; 0
    1c90:	08 95       	ret

	for (i = 0; i < 3; i++)
	{
		if (str[i] < '0' || str[i] > '9')
    1c92:	90 ed       	ldi	r25, 0xD0	; 208
    1c94:	98 0f       	add	r25, r24
    1c96:	9a 30       	cpi	r25, 0x0A	; 10
    1c98:	a0 f7       	brcc	.-24     	; 0x1c82 <Parse_XXX+0x6e>
    1c9a:	11 96       	adiw	r26, 0x01	; 1
    1c9c:	9c 91       	ld	r25, X
    1c9e:	11 97       	sbiw	r26, 0x01	; 1
    1ca0:	90 53       	subi	r25, 0x30	; 48
    1ca2:	9a 30       	cpi	r25, 0x0A	; 10
    1ca4:	80 f7       	brcc	.-32     	; 0x1c86 <Parse_XXX+0x72>
    1ca6:	12 96       	adiw	r26, 0x02	; 2
    1ca8:	9c 91       	ld	r25, X
    1caa:	12 97       	sbiw	r26, 0x02	; 2
    1cac:	90 53       	subi	r25, 0x30	; 48
    1cae:	9a 30       	cpi	r25, 0x0A	; 10
    1cb0:	08 f4       	brcc	.+2      	; 0x1cb4 <Parse_XXX+0xa0>
    1cb2:	bc cf       	rjmp	.-136    	; 0x1c2c <Parse_XXX+0x18>
    1cb4:	ea cf       	rjmp	.-44     	; 0x1c8a <Parse_XXX+0x76>
const char *str,
uint16_t *value)
{
	uint8_t i;

	if (Str_Length(str) != 3)
    1cb6:	93 30       	cpi	r25, 0x03	; 3
    1cb8:	51 f7       	brne	.-44     	; 0x1c8e <Parse_XXX+0x7a>
    1cba:	eb cf       	rjmp	.-42     	; 0x1c92 <Parse_XXX+0x7e>
	(str[1] - '0') * 10 +
	(str[2] - '0')
	);

	return (*value != 0);
}
    1cbc:	08 95       	ret

00001cbe <UART_Init>:
static const char str_ok_reset[] PROGMEM =
"\r\nOK: MCU RESETTING...\r\n";

void UART_Init(void)
{
	UBRR0H = (uint8_t)(UART_UBRR >> 8);
    1cbe:	10 92 c5 00 	sts	0x00C5, r1	; 0x8000c5 <__TEXT_REGION_LENGTH__+0x7e00c5>
	UBRR0L = (uint8_t)UART_UBRR;
    1cc2:	87 e6       	ldi	r24, 0x67	; 103
    1cc4:	80 93 c4 00 	sts	0x00C4, r24	; 0x8000c4 <__TEXT_REGION_LENGTH__+0x7e00c4>

	UCSR0A = 0;
    1cc8:	10 92 c0 00 	sts	0x00C0, r1	; 0x8000c0 <__TEXT_REGION_LENGTH__+0x7e00c0>
	UCSR0B = (1 << RXEN0) | (1 << TXEN0) | (1 << RXCIE0);
    1ccc:	88 e9       	ldi	r24, 0x98	; 152
    1cce:	80 93 c1 00 	sts	0x00C1, r24	; 0x8000c1 <__TEXT_REGION_LENGTH__+0x7e00c1>
	UCSR0C = (1 << UCSZ01) | (1 << UCSZ00);
    1cd2:	86 e0       	ldi	r24, 0x06	; 6
    1cd4:	80 93 c2 00 	sts	0x00C2, r24	; 0x8000c2 <__TEXT_REGION_LENGTH__+0x7e00c2>
    1cd8:	08 95       	ret

00001cda <UART_SendChar>:
}

void UART_SendChar(char c)
{
	while (!(UCSR0A & (1 << UDRE0)))
    1cda:	e0 ec       	ldi	r30, 0xC0	; 192
    1cdc:	f0 e0       	ldi	r31, 0x00	; 0
    1cde:	90 81       	ld	r25, Z
    1ce0:	95 ff       	sbrs	r25, 5
    1ce2:	fd cf       	rjmp	.-6      	; 0x1cde <UART_SendChar+0x4>
	{
	}

	UDR0 = c;
    1ce4:	80 93 c6 00 	sts	0x00C6, r24	; 0x8000c6 <__TEXT_REGION_LENGTH__+0x7e00c6>
    1ce8:	08 95       	ret

00001cea <UART_SendString>:
}

void UART_SendString(const char *text)
{
    1cea:	cf 93       	push	r28
    1cec:	df 93       	push	r29
    1cee:	ec 01       	movw	r28, r24
	while (*text)
    1cf0:	88 81       	ld	r24, Y
    1cf2:	88 23       	and	r24, r24
    1cf4:	31 f0       	breq	.+12     	; 0x1d02 <UART_SendString+0x18>
    1cf6:	21 96       	adiw	r28, 0x01	; 1
	UART_SendChar(*text++);
    1cf8:	0e 94 6d 0e 	call	0x1cda	; 0x1cda <UART_SendChar>
	UDR0 = c;
}

void UART_SendString(const char *text)
{
	while (*text)
    1cfc:	89 91       	ld	r24, Y+
    1cfe:	81 11       	cpse	r24, r1
    1d00:	fb cf       	rjmp	.-10     	; 0x1cf8 <UART_SendString+0xe>
	UART_SendChar(*text++);
}
    1d02:	df 91       	pop	r29
    1d04:	cf 91       	pop	r28
    1d06:	08 95       	ret

00001d08 <UART_SendString_P>:

void UART_SendString_P(const char *text)
{
    1d08:	cf 93       	push	r28
    1d0a:	df 93       	push	r29
	char c;

	while ((c = (char)pgm_read_byte(text++)) != '\0')
    1d0c:	ec 01       	movw	r28, r24
    1d0e:	21 96       	adiw	r28, 0x01	; 1
    1d10:	fc 01       	movw	r30, r24
    1d12:	84 91       	lpm	r24, Z
    1d14:	88 23       	and	r24, r24
    1d16:	39 f0       	breq	.+14     	; 0x1d26 <UART_SendString_P+0x1e>
	UART_SendChar(c);
    1d18:	0e 94 6d 0e 	call	0x1cda	; 0x1cda <UART_SendChar>

void UART_SendString_P(const char *text)
{
	char c;

	while ((c = (char)pgm_read_byte(text++)) != '\0')
    1d1c:	fe 01       	movw	r30, r28
    1d1e:	84 91       	lpm	r24, Z
    1d20:	21 96       	adiw	r28, 0x01	; 1
    1d22:	81 11       	cpse	r24, r1
    1d24:	f9 cf       	rjmp	.-14     	; 0x1d18 <UART_SendString_P+0x10>
	UART_SendChar(c);
}
    1d26:	df 91       	pop	r29
    1d28:	cf 91       	pop	r28
    1d2a:	08 95       	ret

00001d2c <UART_SendNumber>:

void UART_SendNumber(uint16_t value)
{
    1d2c:	1f 93       	push	r17
    1d2e:	cf 93       	push	r28
    1d30:	df 93       	push	r29
    1d32:	00 d0       	rcall	.+0      	; 0x1d34 <UART_SendNumber+0x8>
    1d34:	00 d0       	rcall	.+0      	; 0x1d36 <UART_SendNumber+0xa>
    1d36:	00 d0       	rcall	.+0      	; 0x1d38 <UART_SendNumber+0xc>
    1d38:	cd b7       	in	r28, 0x3d	; 61
    1d3a:	de b7       	in	r29, 0x3e	; 62
    1d3c:	ac 01       	movw	r20, r24
	char buffer[6];
	uint8_t i = 0;

	if (value == 0)
    1d3e:	89 2b       	or	r24, r25
    1d40:	21 f4       	brne	.+8      	; 0x1d4a <UART_SendNumber+0x1e>
	{
		UART_SendChar('0');
    1d42:	80 e3       	ldi	r24, 0x30	; 48
    1d44:	0e 94 6d 0e 	call	0x1cda	; 0x1cda <UART_SendChar>
    1d48:	41 c0       	rjmp	.+130    	; 0x1dcc <UART_SendNumber+0xa0>
    1d4a:	80 e0       	ldi	r24, 0x00	; 0
		return;
	}

	while (value > 0)
	{
		buffer[i++] = (char)('0' + (value % 10));
    1d4c:	11 e0       	ldi	r17, 0x01	; 1
    1d4e:	18 0f       	add	r17, r24
    1d50:	e1 e0       	ldi	r30, 0x01	; 1
    1d52:	f0 e0       	ldi	r31, 0x00	; 0
    1d54:	ec 0f       	add	r30, r28
    1d56:	fd 1f       	adc	r31, r29
    1d58:	e8 0f       	add	r30, r24
    1d5a:	f1 1d       	adc	r31, r1
    1d5c:	9a 01       	movw	r18, r20
    1d5e:	ad ec       	ldi	r26, 0xCD	; 205
    1d60:	bc ec       	ldi	r27, 0xCC	; 204
    1d62:	0e 94 5d 13 	call	0x26ba	; 0x26ba <__umulhisi3>
    1d66:	96 95       	lsr	r25
    1d68:	87 95       	ror	r24
    1d6a:	96 95       	lsr	r25
    1d6c:	87 95       	ror	r24
    1d6e:	96 95       	lsr	r25
    1d70:	87 95       	ror	r24
    1d72:	9c 01       	movw	r18, r24
    1d74:	22 0f       	add	r18, r18
    1d76:	33 1f       	adc	r19, r19
    1d78:	88 0f       	add	r24, r24
    1d7a:	99 1f       	adc	r25, r25
    1d7c:	88 0f       	add	r24, r24
    1d7e:	99 1f       	adc	r25, r25
    1d80:	88 0f       	add	r24, r24
    1d82:	99 1f       	adc	r25, r25
    1d84:	82 0f       	add	r24, r18
    1d86:	93 1f       	adc	r25, r19
    1d88:	9a 01       	movw	r18, r20
    1d8a:	28 1b       	sub	r18, r24
    1d8c:	39 0b       	sbc	r19, r25
    1d8e:	c9 01       	movw	r24, r18
    1d90:	80 5d       	subi	r24, 0xD0	; 208
    1d92:	80 83       	st	Z, r24
		value /= 10;
    1d94:	9a 01       	movw	r18, r20
    1d96:	0e 94 5d 13 	call	0x26ba	; 0x26ba <__umulhisi3>
    1d9a:	ac 01       	movw	r20, r24
    1d9c:	56 95       	lsr	r21
    1d9e:	47 95       	ror	r20
    1da0:	56 95       	lsr	r21
    1da2:	47 95       	ror	r20
    1da4:	56 95       	lsr	r21
    1da6:	47 95       	ror	r20
		return;
	}

	while (value > 0)
	{
		buffer[i++] = (char)('0' + (value % 10));
    1da8:	81 2f       	mov	r24, r17
	{
		UART_SendChar('0');
		return;
	}

	while (value > 0)
    1daa:	41 15       	cp	r20, r1
    1dac:	51 05       	cpc	r21, r1
    1dae:	71 f6       	brne	.-100    	; 0x1d4c <UART_SendNumber+0x20>
	{
		buffer[i++] = (char)('0' + (value % 10));
		value /= 10;
	}

	while (i > 0)
    1db0:	11 23       	and	r17, r17
    1db2:	61 f0       	breq	.+24     	; 0x1dcc <UART_SendNumber+0xa0>
	UART_SendChar(buffer[--i]);
    1db4:	11 50       	subi	r17, 0x01	; 1
    1db6:	e1 e0       	ldi	r30, 0x01	; 1
    1db8:	f0 e0       	ldi	r31, 0x00	; 0
    1dba:	ec 0f       	add	r30, r28
    1dbc:	fd 1f       	adc	r31, r29
    1dbe:	e1 0f       	add	r30, r17
    1dc0:	f1 1d       	adc	r31, r1
    1dc2:	80 81       	ld	r24, Z
    1dc4:	0e 94 6d 0e 	call	0x1cda	; 0x1cda <UART_SendChar>
	{
		buffer[i++] = (char)('0' + (value % 10));
		value /= 10;
	}

	while (i > 0)
    1dc8:	11 11       	cpse	r17, r1
    1dca:	f4 cf       	rjmp	.-24     	; 0x1db4 <UART_SendNumber+0x88>
	UART_SendChar(buffer[--i]);
}
    1dcc:	26 96       	adiw	r28, 0x06	; 6
    1dce:	0f b6       	in	r0, 0x3f	; 63
    1dd0:	f8 94       	cli
    1dd2:	de bf       	out	0x3e, r29	; 62
    1dd4:	0f be       	out	0x3f, r0	; 63
    1dd6:	cd bf       	out	0x3d, r28	; 61
    1dd8:	df 91       	pop	r29
    1dda:	cf 91       	pop	r28
    1ddc:	1f 91       	pop	r17
    1dde:	08 95       	ret

00001de0 <UART_Send2>:

void UART_Send2(uint8_t value)
{
    1de0:	cf 93       	push	r28
    1de2:	df 93       	push	r29
    1de4:	d8 2f       	mov	r29, r24
	UART_SendChar((char)('0' + (value / 10)));
    1de6:	cd ec       	ldi	r28, 0xCD	; 205
    1de8:	8c 9f       	mul	r24, r28
    1dea:	c1 2d       	mov	r28, r1
    1dec:	11 24       	eor	r1, r1
    1dee:	c6 95       	lsr	r28
    1df0:	c6 95       	lsr	r28
    1df2:	c6 95       	lsr	r28
    1df4:	80 e3       	ldi	r24, 0x30	; 48
    1df6:	8c 0f       	add	r24, r28
    1df8:	0e 94 6d 0e 	call	0x1cda	; 0x1cda <UART_SendChar>
	UART_SendChar((char)('0' + (value % 10)));
    1dfc:	cc 0f       	add	r28, r28
    1dfe:	8c 2f       	mov	r24, r28
    1e00:	88 0f       	add	r24, r24
    1e02:	88 0f       	add	r24, r24
    1e04:	c8 0f       	add	r28, r24
    1e06:	8d 2f       	mov	r24, r29
    1e08:	8c 1b       	sub	r24, r28
    1e0a:	80 5d       	subi	r24, 0xD0	; 208
    1e0c:	0e 94 6d 0e 	call	0x1cda	; 0x1cda <UART_SendChar>
}
    1e10:	df 91       	pop	r29
    1e12:	cf 91       	pop	r28
    1e14:	08 95       	ret

00001e16 <__vector_18>:

ISR(USART_RX_vect)
{
    1e16:	1f 92       	push	r1
    1e18:	0f 92       	push	r0
    1e1a:	0f b6       	in	r0, 0x3f	; 63
    1e1c:	0f 92       	push	r0
    1e1e:	11 24       	eor	r1, r1
    1e20:	8f 93       	push	r24
    1e22:	9f 93       	push	r25
    1e24:	ef 93       	push	r30
    1e26:	ff 93       	push	r31
	char c = UDR0;
    1e28:	80 91 c6 00 	lds	r24, 0x00C6	; 0x8000c6 <__TEXT_REGION_LENGTH__+0x7e00c6>

	if (c == '\r' || c == '\n')
    1e2c:	8d 30       	cpi	r24, 0x0D	; 13
    1e2e:	11 f0       	breq	.+4      	; 0x1e34 <__vector_18+0x1e>
    1e30:	8a 30       	cpi	r24, 0x0A	; 10
    1e32:	71 f4       	brne	.+28     	; 0x1e50 <__vector_18+0x3a>
	{
		if (uart_index > 0)
    1e34:	80 91 e6 01 	lds	r24, 0x01E6	; 0x8001e6 <uart_index>
    1e38:	88 23       	and	r24, r24
    1e3a:	19 f1       	breq	.+70     	; 0x1e82 <__vector_18+0x6c>
		{
			uart_buffer[uart_index] = '\0';
    1e3c:	e0 91 e6 01 	lds	r30, 0x01E6	; 0x8001e6 <uart_index>
    1e40:	f0 e0       	ldi	r31, 0x00	; 0
    1e42:	e3 51       	subi	r30, 0x13	; 19
    1e44:	fe 4f       	sbci	r31, 0xFE	; 254
    1e46:	10 82       	st	Z, r1
			uart_command_ready = 1;
    1e48:	81 e0       	ldi	r24, 0x01	; 1
    1e4a:	80 93 e5 01 	sts	0x01E5, r24	; 0x8001e5 <uart_command_ready>
    1e4e:	19 c0       	rjmp	.+50     	; 0x1e82 <__vector_18+0x6c>
		}

		return;
	}

	if (uart_command_ready)
    1e50:	90 91 e5 01 	lds	r25, 0x01E5	; 0x8001e5 <uart_command_ready>
    1e54:	91 11       	cpse	r25, r1
    1e56:	15 c0       	rjmp	.+42     	; 0x1e82 <__vector_18+0x6c>
	return;

	if (uart_index < UART_BUFFER_SIZE - 1)
    1e58:	90 91 e6 01 	lds	r25, 0x01E6	; 0x8001e6 <uart_index>
    1e5c:	9f 33       	cpi	r25, 0x3F	; 63
    1e5e:	58 f4       	brcc	.+22     	; 0x1e76 <__vector_18+0x60>
	{
		uart_buffer[uart_index++] = c;
    1e60:	e0 91 e6 01 	lds	r30, 0x01E6	; 0x8001e6 <uart_index>
    1e64:	91 e0       	ldi	r25, 0x01	; 1
    1e66:	9e 0f       	add	r25, r30
    1e68:	90 93 e6 01 	sts	0x01E6, r25	; 0x8001e6 <uart_index>
    1e6c:	f0 e0       	ldi	r31, 0x00	; 0
    1e6e:	e3 51       	subi	r30, 0x13	; 19
    1e70:	fe 4f       	sbci	r31, 0xFE	; 254
    1e72:	80 83       	st	Z, r24
    1e74:	06 c0       	rjmp	.+12     	; 0x1e82 <__vector_18+0x6c>
	}
	else
	{
		uart_index = 0;
    1e76:	10 92 e6 01 	sts	0x01E6, r1	; 0x8001e6 <uart_index>
		uart_buffer[0] = '\0';
    1e7a:	10 92 ed 01 	sts	0x01ED, r1	; 0x8001ed <uart_buffer>
		uart_command_ready = 0;
    1e7e:	10 92 e5 01 	sts	0x01E5, r1	; 0x8001e5 <uart_command_ready>
	}
}
    1e82:	ff 91       	pop	r31
    1e84:	ef 91       	pop	r30
    1e86:	9f 91       	pop	r25
    1e88:	8f 91       	pop	r24
    1e8a:	0f 90       	pop	r0
    1e8c:	0f be       	out	0x3f, r0	; 63
    1e8e:	0f 90       	pop	r0
    1e90:	1f 90       	pop	r1
    1e92:	18 95       	reti

00001e94 <Process_Command>:
	EEPROM_Save();
	UART_SendString_P(str_mode_off);
}

void Process_Command(void)
{
    1e94:	ef 92       	push	r14
    1e96:	ff 92       	push	r15
    1e98:	0f 93       	push	r16
    1e9a:	1f 93       	push	r17
    1e9c:	cf 93       	push	r28
    1e9e:	df 93       	push	r29
    1ea0:	cd b7       	in	r28, 0x3d	; 61
    1ea2:	de b7       	in	r29, 0x3e	; 62
    1ea4:	60 97       	sbiw	r28, 0x10	; 16
    1ea6:	0f b6       	in	r0, 0x3f	; 63
    1ea8:	f8 94       	cli
    1eaa:	de bf       	out	0x3e, r29	; 62
    1eac:	0f be       	out	0x3f, r0	; 63
    1eae:	cd bf       	out	0x3d, r28	; 61
	uint8_t sreg = SREG;
    1eb0:	8f b7       	in	r24, 0x3f	; 63
	cli();
    1eb2:	f8 94       	cli
	uart_command_ready = 0;
    1eb4:	10 92 e5 01 	sts	0x01E5, r1	; 0x8001e5 <uart_command_ready>
	SREG = sreg;
    1eb8:	8f bf       	out	0x3f, r24	; 63

	if (Str_Equals((char *)uart_buffer, "RESET"))
    1eba:	6e e0       	ldi	r22, 0x0E	; 14
    1ebc:	71 e0       	ldi	r23, 0x01	; 1
    1ebe:	8d ee       	ldi	r24, 0xED	; 237
    1ec0:	91 e0       	ldi	r25, 0x01	; 1
    1ec2:	0e 94 2b 0d 	call	0x1a56	; 0x1a56 <Str_Equals>
    1ec6:	88 23       	and	r24, r24
    1ec8:	31 f0       	breq	.+12     	; 0x1ed6 <Process_Command+0x42>
	{
		UART_SendString_P(str_ok_reset);
    1eca:	83 e2       	ldi	r24, 0x23	; 35
    1ecc:	94 e0       	ldi	r25, 0x04	; 4
    1ece:	0e 94 84 0e 	call	0x1d08	; 0x1d08 <UART_SendString_P>
		MCU_Reset();
    1ed2:	0e 94 08 08 	call	0x1010	; 0x1010 <MCU_Reset>
		return;
	}

	if (Str_Equals((char *)uart_buffer, "HELP"))
    1ed6:	64 e1       	ldi	r22, 0x14	; 20
    1ed8:	71 e0       	ldi	r23, 0x01	; 1
    1eda:	8d ee       	ldi	r24, 0xED	; 237
    1edc:	91 e0       	ldi	r25, 0x01	; 1
    1ede:	0e 94 2b 0d 	call	0x1a56	; 0x1a56 <Str_Equals>
    1ee2:	88 23       	and	r24, r24
    1ee4:	39 f0       	breq	.+14     	; 0x1ef4 <Process_Command+0x60>
	return Parse_XXX(&str[2], value);
}

static void Command_HELP(void)
{
	UART_SendString_P(PSTR(
    1ee6:	81 e9       	ldi	r24, 0x91	; 145
    1ee8:	92 e0       	ldi	r25, 0x02	; 2
    1eea:	0e 94 84 0e 	call	0x1d08	; 0x1d08 <UART_SendString_P>
	}

	if (Str_Equals((char *)uart_buffer, "HELP"))
	{
		Command_HELP();
		uart_index = 0;
    1eee:	10 92 e6 01 	sts	0x01E6, r1	; 0x8001e6 <uart_index>
		return;
    1ef2:	d1 c3       	rjmp	.+1954   	; 0x2696 <Process_Command+0x802>
	}

	if (Str_Equals((char *)uart_buffer, "READ_STATUS"))
    1ef4:	69 e1       	ldi	r22, 0x19	; 25
    1ef6:	71 e0       	ldi	r23, 0x01	; 1
    1ef8:	8d ee       	ldi	r24, 0xED	; 237
    1efa:	91 e0       	ldi	r25, 0x01	; 1
    1efc:	0e 94 2b 0d 	call	0x1a56	; 0x1a56 <Str_Equals>
    1f00:	88 23       	and	r24, r24
    1f02:	09 f4       	brne	.+2      	; 0x1f06 <Process_Command+0x72>
    1f04:	e5 c0       	rjmp	.+458    	; 0x20d0 <Process_Command+0x23c>

static void Command_READ_STATUS(void)
{
	RTC_Time temp;

	if (!RTC_ReadTime(&temp))
    1f06:	ce 01       	movw	r24, r28
    1f08:	01 96       	adiw	r24, 0x01	; 1
    1f0a:	0e 94 9f 08 	call	0x113e	; 0x113e <RTC_ReadTime>
    1f0e:	81 11       	cpse	r24, r1
    1f10:	0c c0       	rjmp	.+24     	; 0x1f2a <Process_Command+0x96>
	{
		rtc_error = 1;
    1f12:	81 e0       	ldi	r24, 0x01	; 1
    1f14:	80 93 d3 01 	sts	0x01D3, r24	; 0x8001d3 <rtc_error>
		Traffic_AllOff();
    1f18:	0e 94 18 0a 	call	0x1430	; 0x1430 <Traffic_AllOff>
		Display_Off();
    1f1c:	0e 94 60 05 	call	0xac0	; 0xac0 <Display_Off>
		UART_SendString_P(str_rtc_error);
    1f20:	83 e8       	ldi	r24, 0x83	; 131
    1f22:	97 e0       	ldi	r25, 0x07	; 7
    1f24:	0e 94 84 0e 	call	0x1d08	; 0x1d08 <UART_SendString_P>
    1f28:	d0 c0       	rjmp	.+416    	; 0x20ca <Process_Command+0x236>
		return;
	}

	rtc = temp;
    1f2a:	86 e0       	ldi	r24, 0x06	; 6
    1f2c:	fe 01       	movw	r30, r28
    1f2e:	31 96       	adiw	r30, 0x01	; 1
    1f30:	a7 ee       	ldi	r26, 0xE7	; 231
    1f32:	b1 e0       	ldi	r27, 0x01	; 1
    1f34:	01 90       	ld	r0, Z+
    1f36:	0d 92       	st	X+, r0
    1f38:	8a 95       	dec	r24
    1f3a:	e1 f7       	brne	.-8      	; 0x1f34 <Process_Command+0xa0>
	rtc_error = 0;
    1f3c:	10 92 d3 01 	sts	0x01D3, r1	; 0x8001d3 <rtc_error>

	UART_SendString_P(PSTR(
    1f40:	8a e2       	ldi	r24, 0x2A	; 42
    1f42:	92 e0       	ldi	r25, 0x02	; 2
    1f44:	0e 94 84 0e 	call	0x1d08	; 0x1d08 <UART_SendString_P>
	"============================================\r\n"
	"STATUS\r\n"
	"============================================\r\n"
	));

	UART_SendString("DATE: ");
    1f48:	85 e2       	ldi	r24, 0x25	; 37
    1f4a:	91 e0       	ldi	r25, 0x01	; 1
    1f4c:	0e 94 75 0e 	call	0x1cea	; 0x1cea <UART_SendString>
	UART_Send2(temp.day);
    1f50:	8c 81       	ldd	r24, Y+4	; 0x04
    1f52:	0e 94 f0 0e 	call	0x1de0	; 0x1de0 <UART_Send2>
	UART_SendChar('.');
    1f56:	8e e2       	ldi	r24, 0x2E	; 46
    1f58:	0e 94 6d 0e 	call	0x1cda	; 0x1cda <UART_SendChar>
	UART_Send2(temp.month);
    1f5c:	8d 81       	ldd	r24, Y+5	; 0x05
    1f5e:	0e 94 f0 0e 	call	0x1de0	; 0x1de0 <UART_Send2>
	UART_SendString(".20");
    1f62:	8c e2       	ldi	r24, 0x2C	; 44
    1f64:	91 e0       	ldi	r25, 0x01	; 1
    1f66:	0e 94 75 0e 	call	0x1cea	; 0x1cea <UART_SendString>
	UART_Send2(temp.year);
    1f6a:	8e 81       	ldd	r24, Y+6	; 0x06
    1f6c:	0e 94 f0 0e 	call	0x1de0	; 0x1de0 <UART_Send2>

	UART_SendString("\r\nTIME: ");
    1f70:	80 e3       	ldi	r24, 0x30	; 48
    1f72:	91 e0       	ldi	r25, 0x01	; 1
    1f74:	0e 94 75 0e 	call	0x1cea	; 0x1cea <UART_SendString>
	UART_Send2(temp.hours);
    1f78:	89 81       	ldd	r24, Y+1	; 0x01
    1f7a:	0e 94 f0 0e 	call	0x1de0	; 0x1de0 <UART_Send2>
	UART_SendChar(':');
    1f7e:	8a e3       	ldi	r24, 0x3A	; 58
    1f80:	0e 94 6d 0e 	call	0x1cda	; 0x1cda <UART_SendChar>
	UART_Send2(temp.minutes);
    1f84:	8a 81       	ldd	r24, Y+2	; 0x02
    1f86:	0e 94 f0 0e 	call	0x1de0	; 0x1de0 <UART_Send2>
	UART_SendChar(':');
    1f8a:	8a e3       	ldi	r24, 0x3A	; 58
    1f8c:	0e 94 6d 0e 	call	0x1cda	; 0x1cda <UART_SendChar>
	UART_Send2(temp.seconds);
    1f90:	8b 81       	ldd	r24, Y+3	; 0x03
    1f92:	0e 94 f0 0e 	call	0x1de0	; 0x1de0 <UART_Send2>

	UART_SendString("\r\nMODE: ");
    1f96:	89 e3       	ldi	r24, 0x39	; 57
    1f98:	91 e0       	ldi	r25, 0x01	; 1
    1f9a:	0e 94 75 0e 	call	0x1cea	; 0x1cea <UART_SendString>
	));
}

static void UART_SendModeName(TrafficMode mode)
{
	switch (mode)
    1f9e:	80 91 d2 01 	lds	r24, 0x01D2	; 0x8001d2 <current_mode>
    1fa2:	81 30       	cpi	r24, 0x01	; 1
    1fa4:	59 f0       	breq	.+22     	; 0x1fbc <Process_Command+0x128>
    1fa6:	28 f0       	brcs	.+10     	; 0x1fb2 <Process_Command+0x11e>
    1fa8:	82 30       	cpi	r24, 0x02	; 2
    1faa:	69 f0       	breq	.+26     	; 0x1fc6 <Process_Command+0x132>
    1fac:	83 30       	cpi	r24, 0x03	; 3
    1fae:	81 f0       	breq	.+32     	; 0x1fd0 <Process_Command+0x13c>
    1fb0:	14 c0       	rjmp	.+40     	; 0x1fda <Process_Command+0x146>
	{
		case MODE_OFF:
		UART_SendString("MODE_OFF");
    1fb2:	82 e4       	ldi	r24, 0x42	; 66
    1fb4:	91 e0       	ldi	r25, 0x01	; 1
    1fb6:	0e 94 75 0e 	call	0x1cea	; 0x1cea <UART_SendString>
    1fba:	13 c0       	rjmp	.+38     	; 0x1fe2 <Process_Command+0x14e>
		break;

		case MODE_AUTO:
		UART_SendString("MODE_AUTO");
    1fbc:	8b e4       	ldi	r24, 0x4B	; 75
    1fbe:	91 e0       	ldi	r25, 0x01	; 1
    1fc0:	0e 94 75 0e 	call	0x1cea	; 0x1cea <UART_SendString>
    1fc4:	0e c0       	rjmp	.+28     	; 0x1fe2 <Process_Command+0x14e>
		break;

		case MODE_NIGHT:
		UART_SendString("MODE_NIGHT");
    1fc6:	85 e5       	ldi	r24, 0x55	; 85
    1fc8:	91 e0       	ldi	r25, 0x01	; 1
    1fca:	0e 94 75 0e 	call	0x1cea	; 0x1cea <UART_SendString>
    1fce:	09 c0       	rjmp	.+18     	; 0x1fe2 <Process_Command+0x14e>
		break;

		case MODE_AUTO_NIGHT:
		UART_SendString("MODE_AUTO_NIGHT");
    1fd0:	80 e6       	ldi	r24, 0x60	; 96
    1fd2:	91 e0       	ldi	r25, 0x01	; 1
    1fd4:	0e 94 75 0e 	call	0x1cea	; 0x1cea <UART_SendString>
    1fd8:	04 c0       	rjmp	.+8      	; 0x1fe2 <Process_Command+0x14e>
		break;

		default:
		UART_SendString("UNKNOWN");
    1fda:	80 e7       	ldi	r24, 0x70	; 112
    1fdc:	91 e0       	ldi	r25, 0x01	; 1
    1fde:	0e 94 75 0e 	call	0x1cea	; 0x1cea <UART_SendString>
	UART_Send2(temp.seconds);

	UART_SendString("\r\nMODE: ");
	UART_SendModeName(current_mode);

	UART_SendString_P(PSTR(
    1fe2:	8a ef       	ldi	r24, 0xFA	; 250
    1fe4:	91 e0       	ldi	r25, 0x01	; 1
    1fe6:	0e 94 84 0e 	call	0x1d08	; 0x1d08 <UART_SendString_P>
	"\r\n\r\nAUTO MODE:\r\n"
	"Stage 1: CAR GREEN / PED RED - "
	));
	UART_SendNumber(auto_stage_time[0]);
    1fea:	06 e0       	ldi	r16, 0x06	; 6
    1fec:	11 e0       	ldi	r17, 0x01	; 1
    1fee:	f8 01       	movw	r30, r16
    1ff0:	80 81       	ld	r24, Z
    1ff2:	91 81       	ldd	r25, Z+1	; 0x01
    1ff4:	0e 94 96 0e 	call	0x1d2c	; 0x1d2c <UART_SendNumber>

	UART_SendString_P(PSTR(
    1ff8:	85 ed       	ldi	r24, 0xD5	; 213
    1ffa:	91 e0       	ldi	r25, 0x01	; 1
    1ffc:	0e 94 84 0e 	call	0x1d08	; 0x1d08 <UART_SendString_P>
	" s\r\nStage 2: CAR YELLOW / PED RED - "
	));
	UART_SendNumber(auto_stage_time[1]);
    2000:	f8 01       	movw	r30, r16
    2002:	82 81       	ldd	r24, Z+2	; 0x02
    2004:	93 81       	ldd	r25, Z+3	; 0x03
    2006:	0e 94 96 0e 	call	0x1d2c	; 0x1d2c <UART_SendNumber>

	UART_SendString_P(PSTR(
    200a:	81 eb       	ldi	r24, 0xB1	; 177
    200c:	91 e0       	ldi	r25, 0x01	; 1
    200e:	0e 94 84 0e 	call	0x1d08	; 0x1d08 <UART_SendString_P>
	" s\r\nStage 3: CAR RED / PED GREEN - "
	));
	UART_SendNumber(auto_stage_time[2]);
    2012:	f8 01       	movw	r30, r16
    2014:	84 81       	ldd	r24, Z+4	; 0x04
    2016:	95 81       	ldd	r25, Z+5	; 0x05
    2018:	0e 94 96 0e 	call	0x1d2c	; 0x1d2c <UART_SendNumber>

	UART_SendString_P(PSTR(
    201c:	8c e8       	ldi	r24, 0x8C	; 140
    201e:	91 e0       	ldi	r25, 0x01	; 1
    2020:	0e 94 84 0e 	call	0x1d08	; 0x1d08 <UART_SendString_P>
	" s\r\nStage 4: CAR YELLOW / PED RED - "
	));
	UART_SendNumber(auto_stage_time[3]);
    2024:	f8 01       	movw	r30, r16
    2026:	86 81       	ldd	r24, Z+6	; 0x06
    2028:	97 81       	ldd	r25, Z+7	; 0x07
    202a:	0e 94 96 0e 	call	0x1d2c	; 0x1d2c <UART_SendNumber>

	UART_SendString_P(PSTR("\r\nCurrent stage: "));
    202e:	8a e7       	ldi	r24, 0x7A	; 122
    2030:	91 e0       	ldi	r25, 0x01	; 1
    2032:	0e 94 84 0e 	call	0x1d08	; 0x1d08 <UART_SendString_P>
	UART_SendNumber((uint16_t)current_stage + 1);
    2036:	80 91 de 01 	lds	r24, 0x01DE	; 0x8001de <current_stage>
    203a:	90 e0       	ldi	r25, 0x00	; 0
    203c:	01 96       	adiw	r24, 0x01	; 1
    203e:	0e 94 96 0e 	call	0x1d2c	; 0x1d2c <UART_SendNumber>

	UART_SendString_P(PSTR(
    2042:	8d e5       	ldi	r24, 0x5D	; 93
    2044:	91 e0       	ldi	r25, 0x01	; 1
    2046:	0e 94 84 0e 	call	0x1d08	; 0x1d08 <UART_SendString_P>
	"\r\n\r\nNIGHT MODE:\r\n"
	"Yellow ON: "
	));
	UART_SendNumber(night_on_time);
    204a:	80 91 04 01 	lds	r24, 0x0104	; 0x800104 <night_on_time>
    204e:	90 91 05 01 	lds	r25, 0x0105	; 0x800105 <night_on_time+0x1>
    2052:	0e 94 96 0e 	call	0x1d2c	; 0x1d2c <UART_SendNumber>

	UART_SendString_P(PSTR(
    2056:	8c e4       	ldi	r24, 0x4C	; 76
    2058:	91 e0       	ldi	r25, 0x01	; 1
    205a:	0e 94 84 0e 	call	0x1d08	; 0x1d08 <UART_SendString_P>
	" s\r\nYellow OFF: "
	));
	UART_SendNumber(night_off_time);
    205e:	80 91 02 01 	lds	r24, 0x0102	; 0x800102 <night_off_time>
    2062:	90 91 03 01 	lds	r25, 0x0103	; 0x800103 <night_off_time+0x1>
    2066:	0e 94 96 0e 	call	0x1d2c	; 0x1d2c <UART_SendNumber>

	UART_SendString_P(PSTR(
    206a:	8b e2       	ldi	r24, 0x2B	; 43
    206c:	91 e0       	ldi	r25, 0x01	; 1
    206e:	0e 94 84 0e 	call	0x1d08	; 0x1d08 <UART_SendString_P>
	" s\r\n\r\nAUTO_NIGHT:\r\n"
	"Night start: "
	));

	UART_Send2(night_start_hour);
    2072:	80 91 01 01 	lds	r24, 0x0101	; 0x800101 <night_start_hour>
    2076:	0e 94 f0 0e 	call	0x1de0	; 0x1de0 <UART_Send2>
	UART_SendChar(':');
    207a:	8a e3       	ldi	r24, 0x3A	; 58
    207c:	0e 94 6d 0e 	call	0x1cda	; 0x1cda <UART_SendChar>
	UART_Send2(night_start_minute);
    2080:	80 91 d1 01 	lds	r24, 0x01D1	; 0x8001d1 <night_start_minute>
    2084:	0e 94 f0 0e 	call	0x1de0	; 0x1de0 <UART_Send2>
	UART_SendChar(':');
    2088:	8a e3       	ldi	r24, 0x3A	; 58
    208a:	0e 94 6d 0e 	call	0x1cda	; 0x1cda <UART_SendChar>
	UART_Send2(night_start_second);
    208e:	80 91 d0 01 	lds	r24, 0x01D0	; 0x8001d0 <night_start_second>
    2092:	0e 94 f0 0e 	call	0x1de0	; 0x1de0 <UART_Send2>

	UART_SendString_P(PSTR("\r\nNight end: "));
    2096:	8d e1       	ldi	r24, 0x1D	; 29
    2098:	91 e0       	ldi	r25, 0x01	; 1
    209a:	0e 94 84 0e 	call	0x1d08	; 0x1d08 <UART_SendString_P>
	UART_Send2(night_end_hour);
    209e:	80 91 00 01 	lds	r24, 0x0100	; 0x800100 <__data_start>
    20a2:	0e 94 f0 0e 	call	0x1de0	; 0x1de0 <UART_Send2>
	UART_SendChar(':');
    20a6:	8a e3       	ldi	r24, 0x3A	; 58
    20a8:	0e 94 6d 0e 	call	0x1cda	; 0x1cda <UART_SendChar>
	UART_Send2(night_end_minute);
    20ac:	80 91 cf 01 	lds	r24, 0x01CF	; 0x8001cf <night_end_minute>
    20b0:	0e 94 f0 0e 	call	0x1de0	; 0x1de0 <UART_Send2>
	UART_SendChar(':');
    20b4:	8a e3       	ldi	r24, 0x3A	; 58
    20b6:	0e 94 6d 0e 	call	0x1cda	; 0x1cda <UART_SendChar>
	UART_Send2(night_end_second);
    20ba:	80 91 ce 01 	lds	r24, 0x01CE	; 0x8001ce <night_end_second>
    20be:	0e 94 f0 0e 	call	0x1de0	; 0x1de0 <UART_Send2>

	UART_SendString_P(PSTR(
    20c2:	88 ec       	ldi	r24, 0xC8	; 200
    20c4:	90 e0       	ldi	r25, 0x00	; 0
    20c6:	0e 94 84 0e 	call	0x1d08	; 0x1d08 <UART_SendString_P>
	}

	if (Str_Equals((char *)uart_buffer, "READ_STATUS"))
	{
		Command_READ_STATUS();
		uart_index = 0;
    20ca:	10 92 e6 01 	sts	0x01E6, r1	; 0x8001e6 <uart_index>
		return;
    20ce:	e3 c2       	rjmp	.+1478   	; 0x2696 <Process_Command+0x802>
	}

	if (Str_Equals((char *)uart_buffer, "MODE_OFF"))
    20d0:	62 e4       	ldi	r22, 0x42	; 66
    20d2:	71 e0       	ldi	r23, 0x01	; 1
    20d4:	8d ee       	ldi	r24, 0xED	; 237
    20d6:	91 e0       	ldi	r25, 0x01	; 1
    20d8:	0e 94 2b 0d 	call	0x1a56	; 0x1a56 <Str_Equals>
    20dc:	88 23       	and	r24, r24
    20de:	61 f0       	breq	.+24     	; 0x20f8 <Process_Command+0x264>
	UART_SendString_P(str_mode_auto_night);
}

static void Command_MODE_OFF(void)
{
	Set_Mode(MODE_OFF);
    20e0:	80 e0       	ldi	r24, 0x00	; 0
    20e2:	0e 94 3c 0a 	call	0x1478	; 0x1478 <Set_Mode>
	EEPROM_Save();
    20e6:	0e 94 4f 06 	call	0xc9e	; 0xc9e <EEPROM_Save>
	UART_SendString_P(str_mode_off);
    20ea:	84 e5       	ldi	r24, 0x54	; 84
    20ec:	96 e0       	ldi	r25, 0x06	; 6
    20ee:	0e 94 84 0e 	call	0x1d08	; 0x1d08 <UART_SendString_P>
	}

	if (Str_Equals((char *)uart_buffer, "MODE_OFF"))
	{
		Command_MODE_OFF();
		uart_index = 0;
    20f2:	10 92 e6 01 	sts	0x01E6, r1	; 0x8001e6 <uart_index>
		return;
    20f6:	cf c2       	rjmp	.+1438   	; 0x2696 <Process_Command+0x802>
	}

	if (Str_Equals((char *)uart_buffer, "MODE_AUTO"))
    20f8:	6b e4       	ldi	r22, 0x4B	; 75
    20fa:	71 e0       	ldi	r23, 0x01	; 1
    20fc:	8d ee       	ldi	r24, 0xED	; 237
    20fe:	91 e0       	ldi	r25, 0x01	; 1
    2100:	0e 94 2b 0d 	call	0x1a56	; 0x1a56 <Str_Equals>
    2104:	88 23       	and	r24, r24
    2106:	a9 f0       	breq	.+42     	; 0x2132 <Process_Command+0x29e>
	UART_SendString_P(str_ok_auto_night);
}

static void Command_MODE_AUTO(void)
{
	if (rtc_error)
    2108:	80 91 d3 01 	lds	r24, 0x01D3	; 0x8001d3 <rtc_error>
    210c:	88 23       	and	r24, r24
    210e:	29 f0       	breq	.+10     	; 0x211a <Process_Command+0x286>
	{
		UART_SendString_P(str_rtc_unavailable);
    2110:	80 e6       	ldi	r24, 0x60	; 96
    2112:	94 e0       	ldi	r25, 0x04	; 4
    2114:	0e 94 84 0e 	call	0x1d08	; 0x1d08 <UART_SendString_P>
    2118:	09 c0       	rjmp	.+18     	; 0x212c <Process_Command+0x298>
		return;
	}

	Set_Mode(MODE_AUTO);
    211a:	81 e0       	ldi	r24, 0x01	; 1
    211c:	0e 94 3c 0a 	call	0x1478	; 0x1478 <Set_Mode>
	EEPROM_Save();
    2120:	0e 94 4f 06 	call	0xc9e	; 0xc9e <EEPROM_Save>
	UART_SendString_P(str_mode_auto);
    2124:	8a e3       	ldi	r24, 0x3A	; 58
    2126:	96 e0       	ldi	r25, 0x06	; 6
    2128:	0e 94 84 0e 	call	0x1d08	; 0x1d08 <UART_SendString_P>
	}

	if (Str_Equals((char *)uart_buffer, "MODE_AUTO"))
	{
		Command_MODE_AUTO();
		uart_index = 0;
    212c:	10 92 e6 01 	sts	0x01E6, r1	; 0x8001e6 <uart_index>
		return;
    2130:	b2 c2       	rjmp	.+1380   	; 0x2696 <Process_Command+0x802>
	}

	if (Str_Equals((char *)uart_buffer, "MODE_NIGHT"))
    2132:	65 e5       	ldi	r22, 0x55	; 85
    2134:	71 e0       	ldi	r23, 0x01	; 1
    2136:	8d ee       	ldi	r24, 0xED	; 237
    2138:	91 e0       	ldi	r25, 0x01	; 1
    213a:	0e 94 2b 0d 	call	0x1a56	; 0x1a56 <Str_Equals>
    213e:	88 23       	and	r24, r24
    2140:	a9 f0       	breq	.+42     	; 0x216c <Process_Command+0x2d8>
	UART_SendString_P(str_mode_auto);
}

static void Command_MODE_NIGHT(void)
{
	if (rtc_error)
    2142:	80 91 d3 01 	lds	r24, 0x01D3	; 0x8001d3 <rtc_error>
    2146:	88 23       	and	r24, r24
    2148:	29 f0       	breq	.+10     	; 0x2154 <Process_Command+0x2c0>
	{
		UART_SendString_P(str_rtc_unavailable);
    214a:	80 e6       	ldi	r24, 0x60	; 96
    214c:	94 e0       	ldi	r25, 0x04	; 4
    214e:	0e 94 84 0e 	call	0x1d08	; 0x1d08 <UART_SendString_P>
    2152:	09 c0       	rjmp	.+18     	; 0x2166 <Process_Command+0x2d2>
		return;
	}

	Set_Mode(MODE_NIGHT);
    2154:	82 e0       	ldi	r24, 0x02	; 2
    2156:	0e 94 3c 0a 	call	0x1478	; 0x1478 <Set_Mode>
	EEPROM_Save();
    215a:	0e 94 4f 06 	call	0xc9e	; 0xc9e <EEPROM_Save>
	UART_SendString_P(str_mode_night);
    215e:	8f e1       	ldi	r24, 0x1F	; 31
    2160:	96 e0       	ldi	r25, 0x06	; 6
    2162:	0e 94 84 0e 	call	0x1d08	; 0x1d08 <UART_SendString_P>
	}

	if (Str_Equals((char *)uart_buffer, "MODE_NIGHT"))
	{
		Command_MODE_NIGHT();
		uart_index = 0;
    2166:	10 92 e6 01 	sts	0x01E6, r1	; 0x8001e6 <uart_index>
		return;
    216a:	95 c2       	rjmp	.+1322   	; 0x2696 <Process_Command+0x802>
	}

	if (Str_Equals((char *)uart_buffer, "MODE_AUTO_NIGHT"))
    216c:	60 e6       	ldi	r22, 0x60	; 96
    216e:	71 e0       	ldi	r23, 0x01	; 1
    2170:	8d ee       	ldi	r24, 0xED	; 237
    2172:	91 e0       	ldi	r25, 0x01	; 1
    2174:	0e 94 2b 0d 	call	0x1a56	; 0x1a56 <Str_Equals>
    2178:	88 23       	and	r24, r24
    217a:	a9 f0       	breq	.+42     	; 0x21a6 <Process_Command+0x312>
	UART_SendString_P(str_mode_night);
}

static void Command_MODE_AUTO_NIGHT(void)
{
	if (rtc_error)
    217c:	80 91 d3 01 	lds	r24, 0x01D3	; 0x8001d3 <rtc_error>
    2180:	88 23       	and	r24, r24
    2182:	29 f0       	breq	.+10     	; 0x218e <Process_Command+0x2fa>
	{
		UART_SendString_P(str_rtc_unavailable);
    2184:	80 e6       	ldi	r24, 0x60	; 96
    2186:	94 e0       	ldi	r25, 0x04	; 4
    2188:	0e 94 84 0e 	call	0x1d08	; 0x1d08 <UART_SendString_P>
    218c:	09 c0       	rjmp	.+18     	; 0x21a0 <Process_Command+0x30c>
		return;
	}

	Set_Mode(MODE_AUTO_NIGHT);
    218e:	83 e0       	ldi	r24, 0x03	; 3
    2190:	0e 94 3c 0a 	call	0x1478	; 0x1478 <Set_Mode>
	EEPROM_Save();
    2194:	0e 94 4f 06 	call	0xc9e	; 0xc9e <EEPROM_Save>
	UART_SendString_P(str_mode_auto_night);
    2198:	8f ef       	ldi	r24, 0xFF	; 255
    219a:	95 e0       	ldi	r25, 0x05	; 5
    219c:	0e 94 84 0e 	call	0x1d08	; 0x1d08 <UART_SendString_P>
	}

	if (Str_Equals((char *)uart_buffer, "MODE_AUTO_NIGHT"))
	{
		Command_MODE_AUTO_NIGHT();
		uart_index = 0;
    21a0:	10 92 e6 01 	sts	0x01E6, r1	; 0x8001e6 <uart_index>
		return;
    21a4:	78 c2       	rjmp	.+1264   	; 0x2696 <Process_Command+0x802>
	}

	if (Str_StartsWith((char *)uart_buffer, "SET_TIME "))
    21a6:	68 e7       	ldi	r22, 0x78	; 120
    21a8:	71 e0       	ldi	r23, 0x01	; 1
    21aa:	8d ee       	ldi	r24, 0xED	; 237
    21ac:	91 e0       	ldi	r25, 0x01	; 1
    21ae:	0e 94 50 0d 	call	0x1aa0	; 0x1aa0 <Str_StartsWith>
    21b2:	18 2f       	mov	r17, r24
    21b4:	88 23       	and	r24, r24
    21b6:	e1 f1       	breq	.+120    	; 0x2230 <Process_Command+0x39c>
	));
}

static void Command_SET_TIME(char *command)
{
	char *p = command;
    21b8:	8d ee       	ldi	r24, 0xED	; 237
    21ba:	91 e0       	ldi	r25, 0x01	; 1
    21bc:	9a 83       	std	Y+2, r25	; 0x02
    21be:	89 83       	std	Y+1, r24	; 0x01
	char *token;
	uint8_t hour;
	uint8_t minute;
	uint8_t second;

	Get_Token(&p);
    21c0:	ce 01       	movw	r24, r28
    21c2:	01 96       	adiw	r24, 0x01	; 1
    21c4:	0e 94 d6 0d 	call	0x1bac	; 0x1bac <Get_Token>
	token = Get_Token(&p);
    21c8:	ce 01       	movw	r24, r28
    21ca:	01 96       	adiw	r24, 0x01	; 1
    21cc:	0e 94 d6 0d 	call	0x1bac	; 0x1bac <Get_Token>

	if (!token || !Parse_Time(token, &hour, &minute, &second))
    21d0:	00 97       	sbiw	r24, 0x00	; 0
    21d2:	69 f0       	breq	.+26     	; 0x21ee <Process_Command+0x35a>
    21d4:	9e 01       	movw	r18, r28
    21d6:	27 5f       	subi	r18, 0xF7	; 247
    21d8:	3f 4f       	sbci	r19, 0xFF	; 255
    21da:	ae 01       	movw	r20, r28
    21dc:	45 5f       	subi	r20, 0xF5	; 245
    21de:	5f 4f       	sbci	r21, 0xFF	; 255
    21e0:	be 01       	movw	r22, r28
    21e2:	63 5f       	subi	r22, 0xF3	; 243
    21e4:	7f 4f       	sbci	r23, 0xFF	; 255
    21e6:	0e 94 5d 0d 	call	0x1aba	; 0x1aba <Parse_Time>
    21ea:	81 11       	cpse	r24, r1
    21ec:	05 c0       	rjmp	.+10     	; 0x21f8 <Process_Command+0x364>
	{
		UART_SendString_P(str_invalid_time);
    21ee:	8c ec       	ldi	r24, 0xCC	; 204
    21f0:	95 e0       	ldi	r25, 0x05	; 5
    21f2:	0e 94 84 0e 	call	0x1d08	; 0x1d08 <UART_SendString_P>
    21f6:	19 c0       	rjmp	.+50     	; 0x222a <Process_Command+0x396>
		return;
	}

	if (!RTC_SetTime(hour, minute, second))
    21f8:	49 85       	ldd	r20, Y+9	; 0x09
    21fa:	6b 85       	ldd	r22, Y+11	; 0x0b
    21fc:	8d 85       	ldd	r24, Y+13	; 0x0d
    21fe:	0e 94 45 09 	call	0x128a	; 0x128a <RTC_SetTime>
    2202:	81 11       	cpse	r24, r1
    2204:	0c c0       	rjmp	.+24     	; 0x221e <Process_Command+0x38a>
	{
		rtc_error = 1;
    2206:	81 e0       	ldi	r24, 0x01	; 1
    2208:	80 93 d3 01 	sts	0x01D3, r24	; 0x8001d3 <rtc_error>
		Traffic_AllOff();
    220c:	0e 94 18 0a 	call	0x1430	; 0x1430 <Traffic_AllOff>
		Display_Off();
    2210:	0e 94 60 05 	call	0xac0	; 0xac0 <Display_Off>
		UART_SendString_P(str_rtc_error);
    2214:	83 e8       	ldi	r24, 0x83	; 131
    2216:	97 e0       	ldi	r25, 0x07	; 7
    2218:	0e 94 84 0e 	call	0x1d08	; 0x1d08 <UART_SendString_P>
    221c:	06 c0       	rjmp	.+12     	; 0x222a <Process_Command+0x396>
		return;
	}

	rtc_error = 0;
    221e:	10 92 d3 01 	sts	0x01D3, r1	; 0x8001d3 <rtc_error>
	UART_SendString_P(str_ok_time);
    2222:	83 ef       	ldi	r24, 0xF3	; 243
    2224:	96 e0       	ldi	r25, 0x06	; 6
    2226:	0e 94 84 0e 	call	0x1d08	; 0x1d08 <UART_SendString_P>
	}

	if (Str_StartsWith((char *)uart_buffer, "SET_TIME "))
	{
		Command_SET_TIME((char *)uart_buffer);
		uart_index = 0;
    222a:	10 92 e6 01 	sts	0x01E6, r1	; 0x8001e6 <uart_index>
		return;
    222e:	33 c2       	rjmp	.+1126   	; 0x2696 <Process_Command+0x802>
	}

	if (Str_StartsWith((char *)uart_buffer, "SET_DATE "))
    2230:	62 e8       	ldi	r22, 0x82	; 130
    2232:	71 e0       	ldi	r23, 0x01	; 1
    2234:	8d ee       	ldi	r24, 0xED	; 237
    2236:	91 e0       	ldi	r25, 0x01	; 1
    2238:	0e 94 50 0d 	call	0x1aa0	; 0x1aa0 <Str_StartsWith>
    223c:	88 23       	and	r24, r24
    223e:	09 f4       	brne	.+2      	; 0x2242 <Process_Command+0x3ae>
    2240:	8a c0       	rjmp	.+276    	; 0x2356 <Process_Command+0x4c2>
	UART_SendString_P(str_ok_time);
}

static void Command_SET_DATE(char *command)
{
	char *p = command;
    2242:	8d ee       	ldi	r24, 0xED	; 237
    2244:	91 e0       	ldi	r25, 0x01	; 1
    2246:	9a 83       	std	Y+2, r25	; 0x02
    2248:	89 83       	std	Y+1, r24	; 0x01
	char *token;
	uint8_t day;
	uint8_t month;
	uint8_t year;

	Get_Token(&p);
    224a:	ce 01       	movw	r24, r28
    224c:	01 96       	adiw	r24, 0x01	; 1
    224e:	0e 94 d6 0d 	call	0x1bac	; 0x1bac <Get_Token>
	token = Get_Token(&p);
    2252:	ce 01       	movw	r24, r28
    2254:	01 96       	adiw	r24, 0x01	; 1
    2256:	0e 94 d6 0d 	call	0x1bac	; 0x1bac <Get_Token>
    225a:	dc 01       	movw	r26, r24

	if (!token || !Parse_Date(token, &day, &month, &year))
    225c:	00 97       	sbiw	r24, 0x00	; 0
    225e:	09 f4       	brne	.+2      	; 0x2262 <Process_Command+0x3ce>
    2260:	5c c0       	rjmp	.+184    	; 0x231a <Process_Command+0x486>

static uint8_t Str_Length(const char *str)
{
	uint8_t n = 0;

	while (*str++)
    2262:	fc 01       	movw	r30, r24
    2264:	31 96       	adiw	r30, 0x01	; 1
    2266:	8c 91       	ld	r24, X
    2268:	88 23       	and	r24, r24
    226a:	09 f4       	brne	.+2      	; 0x226e <Process_Command+0x3da>
    226c:	56 c0       	rjmp	.+172    	; 0x231a <Process_Command+0x486>
    226e:	90 e0       	ldi	r25, 0x00	; 0
	n++;
    2270:	9f 5f       	subi	r25, 0xFF	; 255

static uint8_t Str_Length(const char *str)
{
	uint8_t n = 0;

	while (*str++)
    2272:	21 91       	ld	r18, Z+
    2274:	21 11       	cpse	r18, r1
    2276:	fc cf       	rjmp	.-8      	; 0x2270 <Process_Command+0x3dc>
uint8_t *month,
uint8_t *year)
{
	uint8_t i;

	if (Str_Length(str) != 8)
    2278:	98 30       	cpi	r25, 0x08	; 8
    227a:	09 f0       	breq	.+2      	; 0x227e <Process_Command+0x3ea>
    227c:	4e c0       	rjmp	.+156    	; 0x231a <Process_Command+0x486>
	return 0;

	if (str[2] != ':' || str[5] != ':')
    227e:	12 96       	adiw	r26, 0x02	; 2
    2280:	9c 91       	ld	r25, X
    2282:	12 97       	sbiw	r26, 0x02	; 2
    2284:	9a 33       	cpi	r25, 0x3A	; 58
    2286:	09 f0       	breq	.+2      	; 0x228a <Process_Command+0x3f6>
    2288:	48 c0       	rjmp	.+144    	; 0x231a <Process_Command+0x486>
    228a:	15 96       	adiw	r26, 0x05	; 5
    228c:	9c 91       	ld	r25, X
    228e:	15 97       	sbiw	r26, 0x05	; 5
    2290:	9a 33       	cpi	r25, 0x3A	; 58
    2292:	09 f0       	breq	.+2      	; 0x2296 <Process_Command+0x402>
    2294:	42 c0       	rjmp	.+132    	; 0x231a <Process_Command+0x486>
    2296:	91 e0       	ldi	r25, 0x01	; 1
    2298:	02 c0       	rjmp	.+4      	; 0x229e <Process_Command+0x40a>
    229a:	1f 5f       	subi	r17, 0xFF	; 255
    229c:	9f 5f       	subi	r25, 0xFF	; 255
	return 0;

	for (i = 0; i < 8; i++)
	{
		if (i == 2 || i == 5)
    229e:	12 30       	cpi	r17, 0x02	; 2
    22a0:	e1 f3       	breq	.-8      	; 0x229a <Process_Command+0x406>
    22a2:	15 30       	cpi	r17, 0x05	; 5
    22a4:	d1 f3       	breq	.-12     	; 0x229a <Process_Command+0x406>
		continue;

		if (str[i] < '0' || str[i] > '9')
    22a6:	fd 01       	movw	r30, r26
    22a8:	e1 0f       	add	r30, r17
    22aa:	f1 1d       	adc	r31, r1
    22ac:	20 81       	ld	r18, Z
    22ae:	20 53       	subi	r18, 0x30	; 48
    22b0:	2a 30       	cpi	r18, 0x0A	; 10
    22b2:	98 f5       	brcc	.+102    	; 0x231a <Process_Command+0x486>
	return 0;

	if (str[2] != ':' || str[5] != ':')
	return 0;

	for (i = 0; i < 8; i++)
    22b4:	98 30       	cpi	r25, 0x08	; 8
    22b6:	88 f3       	brcs	.-30     	; 0x229a <Process_Command+0x406>

		if (str[i] < '0' || str[i] > '9')
		return 0;
	}

	*day = (uint8_t)((str[0] - '0') * 10 +
    22b8:	88 0f       	add	r24, r24
    22ba:	80 56       	subi	r24, 0x60	; 96
    22bc:	98 2f       	mov	r25, r24
    22be:	99 0f       	add	r25, r25
    22c0:	99 0f       	add	r25, r25
    22c2:	89 0f       	add	r24, r25
    22c4:	11 96       	adiw	r26, 0x01	; 1
    22c6:	9c 91       	ld	r25, X
    22c8:	11 97       	sbiw	r26, 0x01	; 1
    22ca:	98 0f       	add	r25, r24
	(str[1] - '0'));

	*month = (uint8_t)((str[3] - '0') * 10 +
    22cc:	13 96       	adiw	r26, 0x03	; 3
    22ce:	4c 91       	ld	r20, X
    22d0:	13 97       	sbiw	r26, 0x03	; 3
    22d2:	14 96       	adiw	r26, 0x04	; 4
    22d4:	8c 91       	ld	r24, X
    22d6:	14 97       	sbiw	r26, 0x04	; 4
	(str[4] - '0'));

	*year = (uint8_t)((str[6] - '0') * 10 +
    22d8:	16 96       	adiw	r26, 0x06	; 6
    22da:	3c 91       	ld	r19, X
    22dc:	16 97       	sbiw	r26, 0x06	; 6
    22de:	17 96       	adiw	r26, 0x07	; 7
    22e0:	2c 91       	ld	r18, X
	(str[7] - '0'));

	if (*day < 1 || *day > 31 ||
    22e2:	5f ec       	ldi	r21, 0xCF	; 207
    22e4:	59 0f       	add	r21, r25
    22e6:	5f 31       	cpi	r21, 0x1F	; 31
    22e8:	c0 f4       	brcc	.+48     	; 0x231a <Process_Command+0x486>
	}

	*day = (uint8_t)((str[0] - '0') * 10 +
	(str[1] - '0'));

	*month = (uint8_t)((str[3] - '0') * 10 +
    22ea:	44 0f       	add	r20, r20
    22ec:	40 56       	subi	r20, 0x60	; 96
    22ee:	64 2f       	mov	r22, r20
    22f0:	66 0f       	add	r22, r22
    22f2:	66 0f       	add	r22, r22
    22f4:	46 0f       	add	r20, r22
    22f6:	80 53       	subi	r24, 0x30	; 48
    22f8:	64 2f       	mov	r22, r20
    22fa:	68 0f       	add	r22, r24
	(str[4] - '0'));

	*year = (uint8_t)((str[6] - '0') * 10 +
	(str[7] - '0'));

	if (*day < 1 || *day > 31 ||
    22fc:	71 f0       	breq	.+28     	; 0x231a <Process_Command+0x486>

		if (str[i] < '0' || str[i] > '9')
		return 0;
	}

	*day = (uint8_t)((str[0] - '0') * 10 +
    22fe:	80 ed       	ldi	r24, 0xD0	; 208
    2300:	89 0f       	add	r24, r25
	(str[1] - '0'));

	*month = (uint8_t)((str[3] - '0') * 10 +
	(str[4] - '0'));

	*year = (uint8_t)((str[6] - '0') * 10 +
    2302:	93 2f       	mov	r25, r19
    2304:	99 0f       	add	r25, r25
    2306:	90 56       	subi	r25, 0x60	; 96
    2308:	49 2f       	mov	r20, r25
    230a:	44 0f       	add	r20, r20
    230c:	44 0f       	add	r20, r20
    230e:	49 0f       	add	r20, r25
    2310:	90 ed       	ldi	r25, 0xD0	; 208
    2312:	92 0f       	add	r25, r18
    2314:	49 0f       	add	r20, r25
	uint8_t year;

	Get_Token(&p);
	token = Get_Token(&p);

	if (!token || !Parse_Date(token, &day, &month, &year))
    2316:	6d 30       	cpi	r22, 0x0D	; 13
    2318:	28 f0       	brcs	.+10     	; 0x2324 <Process_Command+0x490>
	{
		UART_SendString_P(str_invalid_date);
    231a:	84 eb       	ldi	r24, 0xB4	; 180
    231c:	95 e0       	ldi	r25, 0x05	; 5
    231e:	0e 94 84 0e 	call	0x1d08	; 0x1d08 <UART_SendString_P>
    2322:	16 c0       	rjmp	.+44     	; 0x2350 <Process_Command+0x4bc>
		return;
	}

	if (!RTC_SetDate(day, month, year))
    2324:	0e 94 96 09 	call	0x132c	; 0x132c <RTC_SetDate>
    2328:	81 11       	cpse	r24, r1
    232a:	0c c0       	rjmp	.+24     	; 0x2344 <Process_Command+0x4b0>
	{
		rtc_error = 1;
    232c:	81 e0       	ldi	r24, 0x01	; 1
    232e:	80 93 d3 01 	sts	0x01D3, r24	; 0x8001d3 <rtc_error>
		Traffic_AllOff();
    2332:	0e 94 18 0a 	call	0x1430	; 0x1430 <Traffic_AllOff>
		Display_Off();
    2336:	0e 94 60 05 	call	0xac0	; 0xac0 <Display_Off>
		UART_SendString_P(str_rtc_error);
    233a:	83 e8       	ldi	r24, 0x83	; 131
    233c:	97 e0       	ldi	r25, 0x07	; 7
    233e:	0e 94 84 0e 	call	0x1d08	; 0x1d08 <UART_SendString_P>
    2342:	06 c0       	rjmp	.+12     	; 0x2350 <Process_Command+0x4bc>
		return;
	}

	rtc_error = 0;
    2344:	10 92 d3 01 	sts	0x01D3, r1	; 0x8001d3 <rtc_error>
	UART_SendString_P(str_ok_date);
    2348:	82 ee       	ldi	r24, 0xE2	; 226
    234a:	96 e0       	ldi	r25, 0x06	; 6
    234c:	0e 94 84 0e 	call	0x1d08	; 0x1d08 <UART_SendString_P>
	}

	if (Str_StartsWith((char *)uart_buffer, "SET_DATE "))
	{
		Command_SET_DATE((char *)uart_buffer);
		uart_index = 0;
    2350:	10 92 e6 01 	sts	0x01E6, r1	; 0x8001e6 <uart_index>
		return;
    2354:	a0 c1       	rjmp	.+832    	; 0x2696 <Process_Command+0x802>
	}

	if (Str_StartsWith(
    2356:	6c e8       	ldi	r22, 0x8C	; 140
    2358:	71 e0       	ldi	r23, 0x01	; 1
    235a:	8d ee       	ldi	r24, 0xED	; 237
    235c:	91 e0       	ldi	r25, 0x01	; 1
    235e:	0e 94 50 0d 	call	0x1aa0	; 0x1aa0 <Str_StartsWith>
    2362:	88 23       	and	r24, r24
    2364:	09 f4       	brne	.+2      	; 0x2368 <Process_Command+0x4d4>
    2366:	8f c0       	rjmp	.+286    	; 0x2486 <Process_Command+0x5f2>
	UART_SendString_P(str_ok_date);
}

static void Command_SET_MODE_AUTO(char *command)
{
	char *p = command;
    2368:	8d ee       	ldi	r24, 0xED	; 237
    236a:	91 e0       	ldi	r25, 0x01	; 1
    236c:	9a 87       	std	Y+10, r25	; 0x0a
    236e:	89 87       	std	Y+9, r24	; 0x09
	char *token;
	uint16_t new_time[4];
	uint8_t i;

	Get_Token(&p);
    2370:	ce 01       	movw	r24, r28
    2372:	09 96       	adiw	r24, 0x09	; 9
    2374:	0e 94 d6 0d 	call	0x1bac	; 0x1bac <Get_Token>
    2378:	ce 01       	movw	r24, r28
    237a:	01 96       	adiw	r24, 0x01	; 1
    237c:	7c 01       	movw	r14, r24
    237e:	01 e3       	ldi	r16, 0x31	; 49
    2380:	10 e0       	ldi	r17, 0x00	; 0

	for (i = 0; i < 4; i++)
	{
		token = Get_Token(&p);
    2382:	ce 01       	movw	r24, r28
    2384:	09 96       	adiw	r24, 0x09	; 9
    2386:	0e 94 d6 0d 	call	0x1bac	; 0x1bac <Get_Token>
    238a:	dc 01       	movw	r26, r24

		if (!token)
    238c:	00 97       	sbiw	r24, 0x00	; 0
    238e:	29 f4       	brne	.+10     	; 0x239a <Process_Command+0x506>
		{
			UART_SendString_P(str_expected_stages);
    2390:	85 e7       	ldi	r24, 0x75	; 117
    2392:	95 e0       	ldi	r25, 0x05	; 5
    2394:	0e 94 84 0e 	call	0x1d08	; 0x1d08 <UART_SendString_P>
    2398:	73 c0       	rjmp	.+230    	; 0x2480 <Process_Command+0x5ec>

static uint8_t Str_Length(const char *str)
{
	uint8_t n = 0;

	while (*str++)
    239a:	fc 01       	movw	r30, r24
    239c:	31 96       	adiw	r30, 0x01	; 1
    239e:	8c 91       	ld	r24, X
    23a0:	88 23       	and	r24, r24
    23a2:	51 f1       	breq	.+84     	; 0x23f8 <Process_Command+0x564>
    23a4:	90 e0       	ldi	r25, 0x00	; 0
	n++;
    23a6:	9f 5f       	subi	r25, 0xFF	; 255

static uint8_t Str_Length(const char *str)
{
	uint8_t n = 0;

	while (*str++)
    23a8:	21 91       	ld	r18, Z+
    23aa:	21 11       	cpse	r18, r1
    23ac:	fc cf       	rjmp	.-8      	; 0x23a6 <Process_Command+0x512>
static uint8_t Parse_Auto_Parameter(
const char *str,
uint8_t expected_stage,
uint16_t *value)
{
	if (Str_Length(str) != 5)
    23ae:	95 30       	cpi	r25, 0x05	; 5
    23b0:	19 f5       	brne	.+70     	; 0x23f8 <Process_Command+0x564>
	return 0;

	if (str[0] != ('0' + expected_stage))
    23b2:	90 e0       	ldi	r25, 0x00	; 0
    23b4:	80 17       	cp	r24, r16
    23b6:	91 07       	cpc	r25, r17
    23b8:	f9 f4       	brne	.+62     	; 0x23f8 <Process_Command+0x564>
	return 0;

	if (str[1] != '_')
    23ba:	11 96       	adiw	r26, 0x01	; 1
    23bc:	8c 91       	ld	r24, X
    23be:	11 97       	sbiw	r26, 0x01	; 1
    23c0:	8f 35       	cpi	r24, 0x5F	; 95
    23c2:	d1 f4       	brne	.+52     	; 0x23f8 <Process_Command+0x564>
	return 0;

	if (str[2] == '0' &&
    23c4:	12 96       	adiw	r26, 0x02	; 2
    23c6:	8c 91       	ld	r24, X
    23c8:	12 97       	sbiw	r26, 0x02	; 2
    23ca:	80 33       	cpi	r24, 0x30	; 48
    23cc:	71 f4       	brne	.+28     	; 0x23ea <Process_Command+0x556>
    23ce:	13 96       	adiw	r26, 0x03	; 3
    23d0:	8c 91       	ld	r24, X
    23d2:	13 97       	sbiw	r26, 0x03	; 3
    23d4:	80 33       	cpi	r24, 0x30	; 48
    23d6:	49 f4       	brne	.+18     	; 0x23ea <Process_Command+0x556>
	str[3] == '0' &&
    23d8:	14 96       	adiw	r26, 0x04	; 4
    23da:	8c 91       	ld	r24, X
    23dc:	14 97       	sbiw	r26, 0x04	; 4
    23de:	80 33       	cpi	r24, 0x30	; 48
    23e0:	21 f4       	brne	.+8      	; 0x23ea <Process_Command+0x556>
	str[4] == '0')
	{
		*value = 0;
    23e2:	f7 01       	movw	r30, r14
    23e4:	11 82       	std	Z+1, r1	; 0x01
    23e6:	10 82       	st	Z, r1
    23e8:	0c c0       	rjmp	.+24     	; 0x2402 <Process_Command+0x56e>
		return 1;
	}

	return Parse_XXX(&str[2], value);
    23ea:	b7 01       	movw	r22, r14
    23ec:	cd 01       	movw	r24, r26
    23ee:	02 96       	adiw	r24, 0x02	; 2
    23f0:	0e 94 0a 0e 	call	0x1c14	; 0x1c14 <Parse_XXX>
		{
			UART_SendString_P(str_expected_stages);
			return;
		}

		if (!Parse_Auto_Parameter(
    23f4:	81 11       	cpse	r24, r1
    23f6:	05 c0       	rjmp	.+10     	; 0x2402 <Process_Command+0x56e>
		token, i + 1, &new_time[i]))
		{
			UART_SendString_P(str_invalid_auto);
    23f8:	82 e9       	ldi	r24, 0x92	; 146
    23fa:	95 e0       	ldi	r25, 0x05	; 5
    23fc:	0e 94 84 0e 	call	0x1d08	; 0x1d08 <UART_SendString_P>
    2400:	3f c0       	rjmp	.+126    	; 0x2480 <Process_Command+0x5ec>
    2402:	f2 e0       	ldi	r31, 0x02	; 2
    2404:	ef 0e       	add	r14, r31
    2406:	f1 1c       	adc	r15, r1
    2408:	0f 5f       	subi	r16, 0xFF	; 255
    240a:	1f 4f       	sbci	r17, 0xFF	; 255
	uint16_t new_time[4];
	uint8_t i;

	Get_Token(&p);

	for (i = 0; i < 4; i++)
    240c:	05 33       	cpi	r16, 0x35	; 53
    240e:	11 05       	cpc	r17, r1
    2410:	09 f0       	breq	.+2      	; 0x2414 <Process_Command+0x580>
    2412:	b7 cf       	rjmp	.-146    	; 0x2382 <Process_Command+0x4ee>
			UART_SendString_P(str_invalid_auto);
			return;
		}
	}

	if (Get_Token(&p))
    2414:	ce 01       	movw	r24, r28
    2416:	09 96       	adiw	r24, 0x09	; 9
    2418:	0e 94 d6 0d 	call	0x1bac	; 0x1bac <Get_Token>
    241c:	89 2b       	or	r24, r25
    241e:	29 f0       	breq	.+10     	; 0x242a <Process_Command+0x596>
	{
		UART_SendString_P(str_too_many);
    2420:	86 e5       	ldi	r24, 0x56	; 86
    2422:	95 e0       	ldi	r25, 0x05	; 5
    2424:	0e 94 84 0e 	call	0x1d08	; 0x1d08 <UART_SendString_P>
    2428:	2b c0       	rjmp	.+86     	; 0x2480 <Process_Command+0x5ec>
		return;
	}

	if (new_time[0] == 0 &&
    242a:	89 81       	ldd	r24, Y+1	; 0x01
    242c:	9a 81       	ldd	r25, Y+2	; 0x02
    242e:	00 97       	sbiw	r24, 0x00	; 0
    2430:	41 f4       	brne	.+16     	; 0x2442 <Process_Command+0x5ae>
    2432:	2b 81       	ldd	r18, Y+3	; 0x03
    2434:	3c 81       	ldd	r19, Y+4	; 0x04
    2436:	23 2b       	or	r18, r19
    2438:	21 f4       	brne	.+8      	; 0x2442 <Process_Command+0x5ae>
	new_time[1] == 0 &&
    243a:	2d 81       	ldd	r18, Y+5	; 0x05
    243c:	3e 81       	ldd	r19, Y+6	; 0x06
    243e:	23 2b       	or	r18, r19
    2440:	b9 f0       	breq	.+46     	; 0x2470 <Process_Command+0x5dc>
		UART_SendString_P(str_all_auto_zero);
		return;
	}

	for (i = 0; i < 4; i++)
	auto_stage_time[i] = new_time[i];
    2442:	e6 e0       	ldi	r30, 0x06	; 6
    2444:	f1 e0       	ldi	r31, 0x01	; 1
    2446:	91 83       	std	Z+1, r25	; 0x01
    2448:	80 83       	st	Z, r24
    244a:	8b 81       	ldd	r24, Y+3	; 0x03
    244c:	9c 81       	ldd	r25, Y+4	; 0x04
    244e:	93 83       	std	Z+3, r25	; 0x03
    2450:	82 83       	std	Z+2, r24	; 0x02
    2452:	8d 81       	ldd	r24, Y+5	; 0x05
    2454:	9e 81       	ldd	r25, Y+6	; 0x06
    2456:	95 83       	std	Z+5, r25	; 0x05
    2458:	84 83       	std	Z+4, r24	; 0x04
    245a:	8f 81       	ldd	r24, Y+7	; 0x07
    245c:	98 85       	ldd	r25, Y+8	; 0x08
    245e:	97 83       	std	Z+7, r25	; 0x07
    2460:	86 83       	std	Z+6, r24	; 0x06

	EEPROM_Save();
    2462:	0e 94 4f 06 	call	0xc9e	; 0xc9e <EEPROM_Save>
	UART_SendString_P(str_ok_auto);
    2466:	8d eb       	ldi	r24, 0xBD	; 189
    2468:	96 e0       	ldi	r25, 0x06	; 6
    246a:	0e 94 84 0e 	call	0x1d08	; 0x1d08 <UART_SendString_P>
    246e:	08 c0       	rjmp	.+16     	; 0x2480 <Process_Command+0x5ec>
		return;
	}

	if (new_time[0] == 0 &&
	new_time[1] == 0 &&
	new_time[2] == 0 &&
    2470:	2f 81       	ldd	r18, Y+7	; 0x07
    2472:	38 85       	ldd	r19, Y+8	; 0x08
    2474:	23 2b       	or	r18, r19
    2476:	29 f7       	brne	.-54     	; 0x2442 <Process_Command+0x5ae>
	new_time[3] == 0)
	{
		UART_SendString_P(str_all_auto_zero);
    2478:	8c e3       	ldi	r24, 0x3C	; 60
    247a:	94 e0       	ldi	r25, 0x04	; 4
    247c:	0e 94 84 0e 	call	0x1d08	; 0x1d08 <UART_SendString_P>
	if (Str_StartsWith(
	(char *)uart_buffer,
	"SET_MODE_AUTO "))
	{
		Command_SET_MODE_AUTO((char *)uart_buffer);
		uart_index = 0;
    2480:	10 92 e6 01 	sts	0x01E6, r1	; 0x8001e6 <uart_index>
		return;
    2484:	08 c1       	rjmp	.+528    	; 0x2696 <Process_Command+0x802>
	}

	if (Str_StartsWith(
    2486:	6b e9       	ldi	r22, 0x9B	; 155
    2488:	71 e0       	ldi	r23, 0x01	; 1
    248a:	8d ee       	ldi	r24, 0xED	; 237
    248c:	91 e0       	ldi	r25, 0x01	; 1
    248e:	0e 94 50 0d 	call	0x1aa0	; 0x1aa0 <Str_StartsWith>
    2492:	88 23       	and	r24, r24
    2494:	09 f4       	brne	.+2      	; 0x2498 <Process_Command+0x604>
    2496:	70 c0       	rjmp	.+224    	; 0x2578 <Process_Command+0x6e4>
	UART_SendString_P(str_ok_auto);
}

static void Command_SET_MODE_NIGHT(char *command)
{
	char *p = command;
    2498:	8d ee       	ldi	r24, 0xED	; 237
    249a:	91 e0       	ldi	r25, 0x01	; 1
    249c:	9c 87       	std	Y+12, r25	; 0x0c
    249e:	8b 87       	std	Y+11, r24	; 0x0b
	char *token;
	uint16_t on_time;
	uint16_t off_time;

	Get_Token(&p);
    24a0:	ce 01       	movw	r24, r28
    24a2:	0b 96       	adiw	r24, 0x0b	; 11
    24a4:	0e 94 d6 0d 	call	0x1bac	; 0x1bac <Get_Token>

	token = Get_Token(&p);
    24a8:	ce 01       	movw	r24, r28
    24aa:	0b 96       	adiw	r24, 0x0b	; 11
    24ac:	0e 94 d6 0d 	call	0x1bac	; 0x1bac <Get_Token>

	if (!token ||
    24b0:	00 97       	sbiw	r24, 0x00	; 0
    24b2:	51 f0       	breq	.+20     	; 0x24c8 <Process_Command+0x634>
    24b4:	fc 01       	movw	r30, r24
    24b6:	20 81       	ld	r18, Z
    24b8:	2f 34       	cpi	r18, 0x4F	; 79
    24ba:	31 f4       	brne	.+12     	; 0x24c8 <Process_Command+0x634>
	token[0] != 'O' ||
    24bc:	21 81       	ldd	r18, Z+1	; 0x01
    24be:	2e 34       	cpi	r18, 0x4E	; 78
    24c0:	19 f4       	brne	.+6      	; 0x24c8 <Process_Command+0x634>
	token[1] != 'N' ||
    24c2:	22 81       	ldd	r18, Z+2	; 0x02
    24c4:	2f 35       	cpi	r18, 0x5F	; 95
    24c6:	29 f0       	breq	.+10     	; 0x24d2 <Process_Command+0x63e>
	token[2] != '_')
	{
		UART_SendString_P(str_expected_on);
    24c8:	8b e3       	ldi	r24, 0x3B	; 59
    24ca:	95 e0       	ldi	r25, 0x05	; 5
    24cc:	0e 94 84 0e 	call	0x1d08	; 0x1d08 <UART_SendString_P>
    24d0:	50 c0       	rjmp	.+160    	; 0x2572 <Process_Command+0x6de>
		return;
	}

	if (!Parse_XXX(&token[3], &on_time))
    24d2:	be 01       	movw	r22, r28
    24d4:	67 5f       	subi	r22, 0xF7	; 247
    24d6:	7f 4f       	sbci	r23, 0xFF	; 255
    24d8:	03 96       	adiw	r24, 0x03	; 3
    24da:	0e 94 0a 0e 	call	0x1c14	; 0x1c14 <Parse_XXX>
    24de:	81 11       	cpse	r24, r1
    24e0:	05 c0       	rjmp	.+10     	; 0x24ec <Process_Command+0x658>
	{
		UART_SendString_P(str_invalid_on);
    24e2:	84 e0       	ldi	r24, 0x04	; 4
    24e4:	95 e0       	ldi	r25, 0x05	; 5
    24e6:	0e 94 84 0e 	call	0x1d08	; 0x1d08 <UART_SendString_P>
    24ea:	43 c0       	rjmp	.+134    	; 0x2572 <Process_Command+0x6de>
		return;
	}

	token = Get_Token(&p);
    24ec:	ce 01       	movw	r24, r28
    24ee:	0b 96       	adiw	r24, 0x0b	; 11
    24f0:	0e 94 d6 0d 	call	0x1bac	; 0x1bac <Get_Token>
    24f4:	fc 01       	movw	r30, r24

	if (!token ||
    24f6:	89 2b       	or	r24, r25
    24f8:	61 f0       	breq	.+24     	; 0x2512 <Process_Command+0x67e>
    24fa:	80 81       	ld	r24, Z
    24fc:	8f 34       	cpi	r24, 0x4F	; 79
    24fe:	49 f4       	brne	.+18     	; 0x2512 <Process_Command+0x67e>
	token[0] != 'O' ||
    2500:	81 81       	ldd	r24, Z+1	; 0x01
    2502:	86 34       	cpi	r24, 0x46	; 70
    2504:	31 f4       	brne	.+12     	; 0x2512 <Process_Command+0x67e>
	token[1] != 'F' ||
    2506:	82 81       	ldd	r24, Z+2	; 0x02
    2508:	86 34       	cpi	r24, 0x46	; 70
    250a:	19 f4       	brne	.+6      	; 0x2512 <Process_Command+0x67e>
	token[2] != 'F' ||
    250c:	83 81       	ldd	r24, Z+3	; 0x03
    250e:	8f 35       	cpi	r24, 0x5F	; 95
    2510:	29 f0       	breq	.+10     	; 0x251c <Process_Command+0x688>
	token[3] != '_')
	{
		UART_SendString_P(str_expected_off);
    2512:	8f e1       	ldi	r24, 0x1F	; 31
    2514:	95 e0       	ldi	r25, 0x05	; 5
    2516:	0e 94 84 0e 	call	0x1d08	; 0x1d08 <UART_SendString_P>
    251a:	2b c0       	rjmp	.+86     	; 0x2572 <Process_Command+0x6de>
		return;
	}

	if (!Parse_XXX(&token[4], &off_time))
    251c:	be 01       	movw	r22, r28
    251e:	6f 5f       	subi	r22, 0xFF	; 255
    2520:	7f 4f       	sbci	r23, 0xFF	; 255
    2522:	cf 01       	movw	r24, r30
    2524:	04 96       	adiw	r24, 0x04	; 4
    2526:	0e 94 0a 0e 	call	0x1c14	; 0x1c14 <Parse_XXX>
    252a:	81 11       	cpse	r24, r1
    252c:	05 c0       	rjmp	.+10     	; 0x2538 <Process_Command+0x6a4>
	{
		UART_SendString_P(str_invalid_off);
    252e:	88 ee       	ldi	r24, 0xE8	; 232
    2530:	94 e0       	ldi	r25, 0x04	; 4
    2532:	0e 94 84 0e 	call	0x1d08	; 0x1d08 <UART_SendString_P>
    2536:	1d c0       	rjmp	.+58     	; 0x2572 <Process_Command+0x6de>
		return;
	}

	if (Get_Token(&p))
    2538:	ce 01       	movw	r24, r28
    253a:	0b 96       	adiw	r24, 0x0b	; 11
    253c:	0e 94 d6 0d 	call	0x1bac	; 0x1bac <Get_Token>
    2540:	89 2b       	or	r24, r25
    2542:	29 f0       	breq	.+10     	; 0x254e <Process_Command+0x6ba>
	{
		UART_SendString_P(str_too_many);
    2544:	86 e5       	ldi	r24, 0x56	; 86
    2546:	95 e0       	ldi	r25, 0x05	; 5
    2548:	0e 94 84 0e 	call	0x1d08	; 0x1d08 <UART_SendString_P>
    254c:	12 c0       	rjmp	.+36     	; 0x2572 <Process_Command+0x6de>
		return;
	}

	night_on_time = on_time;
    254e:	89 85       	ldd	r24, Y+9	; 0x09
    2550:	9a 85       	ldd	r25, Y+10	; 0x0a
    2552:	90 93 05 01 	sts	0x0105, r25	; 0x800105 <night_on_time+0x1>
    2556:	80 93 04 01 	sts	0x0104, r24	; 0x800104 <night_on_time>
	night_off_time = off_time;
    255a:	89 81       	ldd	r24, Y+1	; 0x01
    255c:	9a 81       	ldd	r25, Y+2	; 0x02
    255e:	90 93 03 01 	sts	0x0103, r25	; 0x800103 <night_off_time+0x1>
    2562:	80 93 02 01 	sts	0x0102, r24	; 0x800102 <night_off_time>

	EEPROM_Save();
    2566:	0e 94 4f 06 	call	0xc9e	; 0xc9e <EEPROM_Save>
	UART_SendString_P(str_ok_night);
    256a:	87 e9       	ldi	r24, 0x97	; 151
    256c:	96 e0       	ldi	r25, 0x06	; 6
    256e:	0e 94 84 0e 	call	0x1d08	; 0x1d08 <UART_SendString_P>
	if (Str_StartsWith(
	(char *)uart_buffer,
	"SET_MODE_NIGHT "))
	{
		Command_SET_MODE_NIGHT((char *)uart_buffer);
		uart_index = 0;
    2572:	10 92 e6 01 	sts	0x01E6, r1	; 0x8001e6 <uart_index>
		return;
    2576:	8f c0       	rjmp	.+286    	; 0x2696 <Process_Command+0x802>
	}

	if (Str_StartsWith(
    2578:	6b ea       	ldi	r22, 0xAB	; 171
    257a:	71 e0       	ldi	r23, 0x01	; 1
    257c:	8d ee       	ldi	r24, 0xED	; 237
    257e:	91 e0       	ldi	r25, 0x01	; 1
    2580:	0e 94 50 0d 	call	0x1aa0	; 0x1aa0 <Str_StartsWith>
    2584:	88 23       	and	r24, r24
    2586:	09 f4       	brne	.+2      	; 0x258a <Process_Command+0x6f6>
    2588:	80 c0       	rjmp	.+256    	; 0x268a <Process_Command+0x7f6>
	UART_SendString_P(str_ok_night);
}

static void Command_SET_MODE_AUTO_NIGHT_TIME(char *command)
{
	char *p = command;
    258a:	8d ee       	ldi	r24, 0xED	; 237
    258c:	91 e0       	ldi	r25, 0x01	; 1
    258e:	9a 83       	std	Y+2, r25	; 0x02
    2590:	89 83       	std	Y+1, r24	; 0x01

	uint8_t eh;
	uint8_t em;
	uint8_t es;

	Get_Token(&p);
    2592:	ce 01       	movw	r24, r28
    2594:	01 96       	adiw	r24, 0x01	; 1
    2596:	0e 94 d6 0d 	call	0x1bac	; 0x1bac <Get_Token>

	token = Get_Token(&p);
    259a:	ce 01       	movw	r24, r28
    259c:	01 96       	adiw	r24, 0x01	; 1
    259e:	0e 94 d6 0d 	call	0x1bac	; 0x1bac <Get_Token>

	if (!token || !Str_Equals(token, "ON"))
    25a2:	00 97       	sbiw	r24, 0x00	; 0
    25a4:	31 f0       	breq	.+12     	; 0x25b2 <Process_Command+0x71e>
    25a6:	65 ec       	ldi	r22, 0xC5	; 197
    25a8:	71 e0       	ldi	r23, 0x01	; 1
    25aa:	0e 94 2b 0d 	call	0x1a56	; 0x1a56 <Str_Equals>
    25ae:	81 11       	cpse	r24, r1
    25b0:	05 c0       	rjmp	.+10     	; 0x25bc <Process_Command+0x728>
	{
		UART_SendString_P(str_expected_on_word);
    25b2:	81 ed       	ldi	r24, 0xD1	; 209
    25b4:	94 e0       	ldi	r25, 0x04	; 4
    25b6:	0e 94 84 0e 	call	0x1d08	; 0x1d08 <UART_SendString_P>
    25ba:	64 c0       	rjmp	.+200    	; 0x2684 <Process_Command+0x7f0>
		return;
	}

	token = Get_Token(&p);
    25bc:	ce 01       	movw	r24, r28
    25be:	01 96       	adiw	r24, 0x01	; 1
    25c0:	0e 94 d6 0d 	call	0x1bac	; 0x1bac <Get_Token>

	if (!token || !Parse_Time(token, &sh, &sm, &ss))
    25c4:	00 97       	sbiw	r24, 0x00	; 0
    25c6:	69 f0       	breq	.+26     	; 0x25e2 <Process_Command+0x74e>
    25c8:	9e 01       	movw	r18, r28
    25ca:	22 5f       	subi	r18, 0xF2	; 242
    25cc:	3f 4f       	sbci	r19, 0xFF	; 255
    25ce:	ae 01       	movw	r20, r28
    25d0:	41 5f       	subi	r20, 0xF1	; 241
    25d2:	5f 4f       	sbci	r21, 0xFF	; 255
    25d4:	be 01       	movw	r22, r28
    25d6:	60 5f       	subi	r22, 0xF0	; 240
    25d8:	7f 4f       	sbci	r23, 0xFF	; 255
    25da:	0e 94 5d 0d 	call	0x1aba	; 0x1aba <Parse_Time>
    25de:	81 11       	cpse	r24, r1
    25e0:	05 c0       	rjmp	.+10     	; 0x25ec <Process_Command+0x758>
	{
		UART_SendString_P(str_invalid_night_start);
    25e2:	8a e9       	ldi	r24, 0x9A	; 154
    25e4:	94 e0       	ldi	r25, 0x04	; 4
    25e6:	0e 94 84 0e 	call	0x1d08	; 0x1d08 <UART_SendString_P>
    25ea:	4c c0       	rjmp	.+152    	; 0x2684 <Process_Command+0x7f0>
		return;
	}

	token = Get_Token(&p);
    25ec:	ce 01       	movw	r24, r28
    25ee:	01 96       	adiw	r24, 0x01	; 1
    25f0:	0e 94 d6 0d 	call	0x1bac	; 0x1bac <Get_Token>

	if (!token || !Str_Equals(token, "OFF"))
    25f4:	00 97       	sbiw	r24, 0x00	; 0
    25f6:	31 f0       	breq	.+12     	; 0x2604 <Process_Command+0x770>
    25f8:	67 e4       	ldi	r22, 0x47	; 71
    25fa:	71 e0       	ldi	r23, 0x01	; 1
    25fc:	0e 94 2b 0d 	call	0x1a56	; 0x1a56 <Str_Equals>
    2600:	81 11       	cpse	r24, r1
    2602:	05 c0       	rjmp	.+10     	; 0x260e <Process_Command+0x77a>
	{
		UART_SendString_P(str_expected_off_word);
    2604:	89 eb       	ldi	r24, 0xB9	; 185
    2606:	94 e0       	ldi	r25, 0x04	; 4
    2608:	0e 94 84 0e 	call	0x1d08	; 0x1d08 <UART_SendString_P>
    260c:	3b c0       	rjmp	.+118    	; 0x2684 <Process_Command+0x7f0>
		return;
	}

	token = Get_Token(&p);
    260e:	ce 01       	movw	r24, r28
    2610:	01 96       	adiw	r24, 0x01	; 1
    2612:	0e 94 d6 0d 	call	0x1bac	; 0x1bac <Get_Token>

	if (!token || !Parse_Time(token, &eh, &em, &es))
    2616:	00 97       	sbiw	r24, 0x00	; 0
    2618:	69 f0       	breq	.+26     	; 0x2634 <Process_Command+0x7a0>
    261a:	9e 01       	movw	r18, r28
    261c:	27 5f       	subi	r18, 0xF7	; 247
    261e:	3f 4f       	sbci	r19, 0xFF	; 255
    2620:	ae 01       	movw	r20, r28
    2622:	45 5f       	subi	r20, 0xF5	; 245
    2624:	5f 4f       	sbci	r21, 0xFF	; 255
    2626:	be 01       	movw	r22, r28
    2628:	63 5f       	subi	r22, 0xF3	; 243
    262a:	7f 4f       	sbci	r23, 0xFF	; 255
    262c:	0e 94 5d 0d 	call	0x1aba	; 0x1aba <Parse_Time>
    2630:	81 11       	cpse	r24, r1
    2632:	05 c0       	rjmp	.+10     	; 0x263e <Process_Command+0x7aa>
	{
		UART_SendString_P(str_invalid_night_end);
    2634:	8d e7       	ldi	r24, 0x7D	; 125
    2636:	94 e0       	ldi	r25, 0x04	; 4
    2638:	0e 94 84 0e 	call	0x1d08	; 0x1d08 <UART_SendString_P>
    263c:	23 c0       	rjmp	.+70     	; 0x2684 <Process_Command+0x7f0>
		return;
	}

	if (Get_Token(&p))
    263e:	ce 01       	movw	r24, r28
    2640:	01 96       	adiw	r24, 0x01	; 1
    2642:	0e 94 d6 0d 	call	0x1bac	; 0x1bac <Get_Token>
    2646:	89 2b       	or	r24, r25
    2648:	29 f0       	breq	.+10     	; 0x2654 <Process_Command+0x7c0>
	{
		UART_SendString_P(str_too_many);
    264a:	86 e5       	ldi	r24, 0x56	; 86
    264c:	95 e0       	ldi	r25, 0x05	; 5
    264e:	0e 94 84 0e 	call	0x1d08	; 0x1d08 <UART_SendString_P>
    2652:	18 c0       	rjmp	.+48     	; 0x2684 <Process_Command+0x7f0>
		return;
	}

	night_start_hour = sh;
    2654:	88 89       	ldd	r24, Y+16	; 0x10
    2656:	80 93 01 01 	sts	0x0101, r24	; 0x800101 <night_start_hour>
	night_start_minute = sm;
    265a:	8f 85       	ldd	r24, Y+15	; 0x0f
    265c:	80 93 d1 01 	sts	0x01D1, r24	; 0x8001d1 <night_start_minute>
	night_start_second = ss;
    2660:	8e 85       	ldd	r24, Y+14	; 0x0e
    2662:	80 93 d0 01 	sts	0x01D0, r24	; 0x8001d0 <night_start_second>

	night_end_hour = eh;
    2666:	8d 85       	ldd	r24, Y+13	; 0x0d
    2668:	80 93 00 01 	sts	0x0100, r24	; 0x800100 <__data_start>
	night_end_minute = em;
    266c:	8b 85       	ldd	r24, Y+11	; 0x0b
    266e:	80 93 cf 01 	sts	0x01CF, r24	; 0x8001cf <night_end_minute>
	night_end_second = es;
    2672:	89 85       	ldd	r24, Y+9	; 0x09
    2674:	80 93 ce 01 	sts	0x01CE, r24	; 0x8001ce <night_end_second>

	EEPROM_Save();
    2678:	0e 94 4f 06 	call	0xc9e	; 0xc9e <EEPROM_Save>
	UART_SendString_P(str_ok_auto_night);
    267c:	8d e6       	ldi	r24, 0x6D	; 109
    267e:	96 e0       	ldi	r25, 0x06	; 6
    2680:	0e 94 84 0e 	call	0x1d08	; 0x1d08 <UART_SendString_P>
	"SET_MODE_AUTO_NIGHT_TIME "))
	{
		Command_SET_MODE_AUTO_NIGHT_TIME(
		(char *)uart_buffer
		);
		uart_index = 0;
    2684:	10 92 e6 01 	sts	0x01E6, r1	; 0x8001e6 <uart_index>
		return;
    2688:	06 c0       	rjmp	.+12     	; 0x2696 <Process_Command+0x802>
	}

	UART_SendString_P(str_unknown);
    268a:	84 ee       	ldi	r24, 0xE4	; 228
    268c:	95 e0       	ldi	r25, 0x05	; 5
    268e:	0e 94 84 0e 	call	0x1d08	; 0x1d08 <UART_SendString_P>
	uart_index = 0;
    2692:	10 92 e6 01 	sts	0x01E6, r1	; 0x8001e6 <uart_index>
}
    2696:	60 96       	adiw	r28, 0x10	; 16
    2698:	0f b6       	in	r0, 0x3f	; 63
    269a:	f8 94       	cli
    269c:	de bf       	out	0x3e, r29	; 62
    269e:	0f be       	out	0x3f, r0	; 63
    26a0:	cd bf       	out	0x3d, r28	; 61
    26a2:	df 91       	pop	r29
    26a4:	cf 91       	pop	r28
    26a6:	1f 91       	pop	r17
    26a8:	0f 91       	pop	r16
    26aa:	ff 90       	pop	r15
    26ac:	ef 90       	pop	r14
    26ae:	08 95       	ret

000026b0 <UART_StartupMessage>:

void UART_StartupMessage(void)
{
	UART_SendString_P(str_startup);
    26b0:	81 ea       	ldi	r24, 0xA1	; 161
    26b2:	97 e0       	ldi	r25, 0x07	; 7
    26b4:	0e 94 84 0e 	call	0x1d08	; 0x1d08 <UART_SendString_P>
    26b8:	08 95       	ret

000026ba <__umulhisi3>:
    26ba:	a2 9f       	mul	r26, r18
    26bc:	b0 01       	movw	r22, r0
    26be:	b3 9f       	mul	r27, r19
    26c0:	c0 01       	movw	r24, r0
    26c2:	a3 9f       	mul	r26, r19
    26c4:	70 0d       	add	r23, r0
    26c6:	81 1d       	adc	r24, r1
    26c8:	11 24       	eor	r1, r1
    26ca:	91 1d       	adc	r25, r1
    26cc:	b2 9f       	mul	r27, r18
    26ce:	70 0d       	add	r23, r0
    26d0:	81 1d       	adc	r24, r1
    26d2:	11 24       	eor	r1, r1
    26d4:	91 1d       	adc	r25, r1
    26d6:	08 95       	ret

000026d8 <eeprom_read_block>:
    26d8:	dc 01       	movw	r26, r24
    26da:	cb 01       	movw	r24, r22

000026dc <eeprom_read_blraw>:
    26dc:	fc 01       	movw	r30, r24
    26de:	f9 99       	sbic	0x1f, 1	; 31
    26e0:	fe cf       	rjmp	.-4      	; 0x26de <eeprom_read_blraw+0x2>
    26e2:	06 c0       	rjmp	.+12     	; 0x26f0 <eeprom_read_blraw+0x14>
    26e4:	f2 bd       	out	0x22, r31	; 34
    26e6:	e1 bd       	out	0x21, r30	; 33
    26e8:	f8 9a       	sbi	0x1f, 0	; 31
    26ea:	31 96       	adiw	r30, 0x01	; 1
    26ec:	00 b4       	in	r0, 0x20	; 32
    26ee:	0d 92       	st	X+, r0
    26f0:	41 50       	subi	r20, 0x01	; 1
    26f2:	50 40       	sbci	r21, 0x00	; 0
    26f4:	b8 f7       	brcc	.-18     	; 0x26e4 <eeprom_read_blraw+0x8>
    26f6:	08 95       	ret

000026f8 <eeprom_update_block>:
    26f8:	dc 01       	movw	r26, r24
    26fa:	a4 0f       	add	r26, r20
    26fc:	b5 1f       	adc	r27, r21
    26fe:	41 50       	subi	r20, 0x01	; 1
    2700:	50 40       	sbci	r21, 0x00	; 0
    2702:	48 f0       	brcs	.+18     	; 0x2716 <eeprom_update_block+0x1e>
    2704:	cb 01       	movw	r24, r22
    2706:	84 0f       	add	r24, r20
    2708:	95 1f       	adc	r25, r21
    270a:	2e 91       	ld	r18, -X
    270c:	0e 94 8d 13 	call	0x271a	; 0x271a <eeprom_update_r18>
    2710:	41 50       	subi	r20, 0x01	; 1
    2712:	50 40       	sbci	r21, 0x00	; 0
    2714:	d0 f7       	brcc	.-12     	; 0x270a <eeprom_update_block+0x12>
    2716:	08 95       	ret

00002718 <eeprom_update_byte>:
    2718:	26 2f       	mov	r18, r22

0000271a <eeprom_update_r18>:
    271a:	f9 99       	sbic	0x1f, 1	; 31
    271c:	fe cf       	rjmp	.-4      	; 0x271a <eeprom_update_r18>
    271e:	92 bd       	out	0x22, r25	; 34
    2720:	81 bd       	out	0x21, r24	; 33
    2722:	f8 9a       	sbi	0x1f, 0	; 31
    2724:	01 97       	sbiw	r24, 0x01	; 1
    2726:	00 b4       	in	r0, 0x20	; 32
    2728:	02 16       	cp	r0, r18
    272a:	39 f0       	breq	.+14     	; 0x273a <eeprom_update_r18+0x20>
    272c:	1f ba       	out	0x1f, r1	; 31
    272e:	20 bd       	out	0x20, r18	; 32
    2730:	0f b6       	in	r0, 0x3f	; 63
    2732:	f8 94       	cli
    2734:	fa 9a       	sbi	0x1f, 2	; 31
    2736:	f9 9a       	sbi	0x1f, 1	; 31
    2738:	0f be       	out	0x3f, r0	; 63
    273a:	08 95       	ret

0000273c <_exit>:
    273c:	f8 94       	cli

0000273e <__stop_program>:
    273e:	ff cf       	rjmp	.-2      	; 0x273e <__stop_program>
